request_id,team
SR510822,Repairs
SR510823,Filters & Consumables
SR510824,Repairs
SR510825,Installs & Demo
SR510826,Installs & Demo
SR510827,Installs & Demo
SR510828,Installs & Demo
SR510829,Installs & Demo
SR510830,Installs & Demo
SR510831,Repairs
SR510832,Filters & Consumables
SR510833,Filters & Consumables
SR510834,Installs & Demo
SR510835,Repairs
SR510836,Repairs
SR510837,Billing
SR510838,Product Advice
SR510839,Product Advice
SR510840,Repairs
SR510841,Repairs
SR510842,Product Advice
SR510843,Installs & Demo
SR510844,Billing
SR510845,Product Advice
SR510846,Repairs
SR510847,Repairs
SR510848,Repairs
SR510849,Warranty Claims
SR510850,Warranty Claims
SR510851,Repairs
SR510852,Warranty Claims
SR510853,Installs & Demo
SR510854,Warranty Claims
SR510855,Repairs
SR510856,Filters & Consumables
SR510857,Product Advice
SR510858,Repairs
SR510859,Repairs
SR510860,Repairs
SR510861,Filters & Consumables
SR510862,Repairs
SR510863,Returns & Replacement
SR510864,Repairs
SR510865,Repairs
SR510866,Installs & Demo
SR510867,Warranty Claims
SR510868,Product Advice
SR510869,Repairs
SR510870,Filters & Consumables
SR510871,Installs & Demo
SR510872,Filters & Consumables
SR510873,Returns & Replacement
SR510874,Installs & Demo
SR510875,Returns & Replacement
SR510876,Billing
SR510877,Returns & Replacement
SR510878,Warranty Claims
SR510879,Repairs
SR510880,Warranty Claims
SR510881,Installs & Demo
SR510882,Returns & Replacement
SR510883,Billing
SR510884,Installs & Demo
SR510885,Repairs
SR510886,Repairs
SR510887,Repairs
SR510888,Repairs
SR510889,Repairs
SR510890,Repairs
SR510891,Repairs
SR510892,Repairs
SR510893,Repairs
SR510894,Warranty Claims
SR510895,Billing
SR510896,Installs & Demo
SR510897,Warranty Claims
SR510898,Repairs
SR510899,Installs & Demo
SR510900,Billing
SR510901,Repairs
SR510902,Warranty Claims
SR510903,Installs & Demo
SR510904,Repairs
SR510905,Warranty Claims
SR510906,Filters & Consumables
SR510907,Billing
SR510908,Filters & Consumables
SR510909,Product Advice
SR510910,Product Advice
SR510911,Repairs
SR510912,Repairs
SR510913,Repairs
SR510914,Repairs
SR510915,Installs & Demo
SR510916,Billing
SR510917,Billing
SR510918,Returns & Replacement
SR510919,Repairs
SR510920,Billing
SR510921,Filters & Consumables
SR510922,Installs & Demo
SR510923,Product Advice
SR510924,Installs & Demo
SR510925,Filters & Consumables
SR510926,Filters & Consumables
SR510927,Billing
SR510928,Returns & Replacement
SR510929,Returns & Replacement
SR510930,Filters & Consumables
SR510931,Repairs
SR510932,Billing
SR510933,Installs & Demo
SR510934,Installs & Demo
SR510935,Returns & Replacement
SR510936,Product Advice
SR510937,Returns & Replacement
SR510938,Warranty Claims
SR510939,Repairs
SR510940,Warranty Claims
SR510941,Returns & Replacement
SR510942,Filters & Consumables
SR510943,Filters & Consumables
SR510944,Warranty Claims
SR510945,Returns & Replacement
SR510946,Installs & Demo
SR510947,Returns & Replacement
SR510948,Warranty Claims
SR510949,Filters & Consumables
SR510950,Warranty Claims
SR510951,Product Advice
SR510952,Billing
SR510953,Warranty Claims
SR510954,Installs & Demo
SR510955,Repairs
SR510956,Repairs
SR510957,Returns & Replacement
SR510958,Warranty Claims
SR510959,Installs & Demo
SR510960,Filters & Consumables
SR510961,Installs & Demo
SR510962,Billing
SR510963,Repairs
SR510964,Repairs
SR510965,Repairs
SR510966,Repairs
SR510967,Repairs
SR510968,Filters & Consumables
SR510969,Repairs
SR510970,Repairs
SR510971,Returns & Replacement
SR510972,Installs & Demo
SR510973,Installs & Demo
SR510974,Repairs
SR510975,Repairs
SR510976,Product Advice
SR510977,Repairs
SR510978,Returns & Replacement
SR510979,Repairs
SR510980,Repairs
SR510981,Billing
SR510982,Product Advice
SR510983,Repairs
SR510984,Filters & Consumables
SR510985,Repairs
SR510986,Product Advice
SR510987,Repairs
SR510988,Repairs
SR510989,Repairs
SR510990,Returns & Replacement
SR510991,Filters & Consumables
SR510992,Repairs
SR510993,Returns & Replacement
SR510994,Repairs
SR510995,Product Advice
SR510996,Installs & Demo
SR510997,Repairs
SR510998,Returns & Replacement
SR510999,Filters & Consumables
SR511000,Installs & Demo
SR511001,Installs & Demo
SR511002,Warranty Claims
SR511003,Product Advice
SR511004,Billing
SR511005,Repairs
SR511006,Warranty Claims
SR511007,Repairs
SR511008,Repairs
SR511009,Repairs
SR511010,Repairs
SR511011,Repairs
SR511012,Warranty Claims
SR511013,Repairs
SR511014,Filters & Consumables
SR511015,Installs & Demo
SR511016,Billing
SR511017,Repairs
SR511018,Installs & Demo
SR511019,Installs & Demo
SR511020,Warranty Claims
SR511021,Installs & Demo
SR511022,Repairs
SR511023,Repairs
SR511024,Installs & Demo
SR511025,Returns & Replacement
SR511026,Returns & Replacement
SR511027,Product Advice
SR511028,Billing
SR511029,Repairs
SR511030,Billing
SR511031,Filters & Consumables
SR511032,Warranty Claims
SR511033,Installs & Demo
SR511034,Product Advice
SR511035,Returns & Replacement
SR511036,Warranty Claims
SR511037,Repairs
SR511038,Returns & Replacement
SR511039,Installs & Demo
SR511040,Repairs
SR511041,Installs & Demo
SR511042,Billing
SR511043,Repairs
SR511044,Repairs
SR511045,Returns & Replacement
SR511046,Repairs
SR511047,Repairs
SR511048,Installs & Demo
SR511049,Filters & Consumables
SR511050,Installs & Demo
SR511051,Repairs
SR511052,Repairs
SR511053,Repairs
SR511054,Product Advice
SR511055,Repairs
SR511056,Product Advice
SR511057,Repairs
SR511058,Repairs
SR511059,Product Advice
SR511060,Repairs
SR511061,Filters & Consumables
SR511062,Billing
SR511063,Repairs
SR511064,Repairs
SR511065,Installs & Demo
SR511066,Warranty Claims
SR511067,Repairs
SR511068,Filters & Consumables
SR511069,Product Advice
SR511070,Repairs
SR511071,Product Advice
SR511072,Returns & Replacement
SR511073,Returns & Replacement
SR511074,Repairs
SR511075,Repairs
SR511076,Billing
SR511077,Returns & Replacement
SR511078,Filters & Consumables
SR511079,Warranty Claims
SR511080,Returns & Replacement
SR511081,Product Advice
SR511082,Returns & Replacement
SR511083,Repairs
SR511084,Installs & Demo
SR511085,Warranty Claims
SR511086,Product Advice
SR511087,Returns & Replacement
SR511088,Product Advice
SR511089,Repairs
SR511090,Warranty Claims
SR511091,Installs & Demo
SR511092,Installs & Demo
SR511093,Filters & Consumables
SR511094,Repairs
SR511095,Product Advice
SR511096,Billing
SR511097,Filters & Consumables
SR511098,Product Advice
SR511099,Returns & Replacement
SR511100,Installs & Demo
SR511101,Warranty Claims
SR511102,Billing
SR511103,Installs & Demo
SR511104,Repairs
SR511105,Repairs
SR511106,Filters & Consumables
SR511107,Returns & Replacement
SR511108,Filters & Consumables
SR511109,Repairs
SR511110,Billing
SR511111,Filters & Consumables
SR511112,Billing
SR511113,Product Advice
SR511114,Returns & Replacement
SR511115,Repairs
SR511116,Warranty Claims
SR511117,Repairs
SR511118,Returns & Replacement
SR511119,Repairs
SR511120,Billing
SR511121,Billing
SR511122,Repairs
SR511123,Repairs
SR511124,Repairs
SR511125,Product Advice
SR511126,Returns & Replacement
SR511127,Repairs
SR511128,Repairs
SR511129,Product Advice
SR511130,Billing
SR511131,Product Advice
SR511132,Installs & Demo
SR511133,Installs & Demo
SR511134,Returns & Replacement
SR511135,Repairs
SR511136,Installs & Demo
SR511137,Returns & Replacement
SR511138,Installs & Demo
SR511139,Installs & Demo
SR511140,Billing
SR511141,Repairs
SR511142,Repairs
SR511143,Installs & Demo
SR511144,Returns & Replacement
SR511145,Returns & Replacement
SR511146,Repairs
SR511147,Product Advice
SR511148,Warranty Claims
SR511149,Product Advice
SR511150,Repairs
SR511151,Repairs
SR511152,Billing
SR511153,Repairs
SR511154,Filters & Consumables
SR511155,Filters & Consumables
SR511156,Installs & Demo
SR511157,Warranty Claims
SR511158,Installs & Demo
SR511159,Warranty Claims
SR511160,Returns & Replacement
SR511161,Billing
SR511162,Billing
SR511163,Repairs
SR511164,Returns & Replacement
SR511165,Installs & Demo
SR511166,Installs & Demo
SR511167,Billing
SR511168,Repairs
SR511169,Returns & Replacement
SR511170,Warranty Claims
SR511171,Installs & Demo
SR511172,Warranty Claims
SR511173,Product Advice
SR511174,Repairs
SR511175,Billing
SR511176,Repairs
SR511177,Returns & Replacement
SR511178,Warranty Claims
SR511179,Billing
SR511180,Billing
SR511181,Billing
SR511182,Product Advice
SR511183,Warranty Claims
SR511184,Returns & Replacement
SR511185,Repairs
SR511186,Product Advice
SR511187,Warranty Claims
SR511188,Billing
SR511189,Repairs
SR511190,Filters & Consumables
SR511191,Installs & Demo
SR511192,Installs & Demo
SR511193,Repairs
SR511194,Repairs
SR511195,Filters & Consumables
SR511196,Billing
SR511197,Returns & Replacement
SR511198,Warranty Claims
SR511199,Repairs
SR511200,Returns & Replacement
SR511201,Returns & Replacement
SR511202,Repairs
SR511203,Billing
SR511204,Repairs
SR511205,Repairs
SR511206,Repairs
SR511207,Product Advice
SR511208,Repairs
SR511209,Warranty Claims
SR511210,Returns & Replacement
SR511211,Filters & Consumables
SR511212,Installs & Demo
SR511213,Installs & Demo
SR511214,Warranty Claims
SR511215,Billing
SR511216,Billing
SR511217,Repairs
SR511218,Billing
SR511219,Billing
SR511220,Warranty Claims
SR511221,Returns & Replacement
SR511222,Installs & Demo
SR511223,Repairs
SR511224,Repairs
SR511225,Installs & Demo
SR511226,Repairs
SR511227,Billing
SR511228,Billing
SR511229,Repairs
SR511230,Installs & Demo
SR511231,Repairs
SR511232,Product Advice
SR511233,Repairs
SR511234,Filters & Consumables
SR511235,Installs & Demo
SR511236,Product Advice
SR511237,Returns & Replacement
SR511238,Filters & Consumables
SR511239,Warranty Claims
SR511240,Warranty Claims
SR511241,Billing
SR511242,Returns & Replacement
SR511243,Installs & Demo
SR511244,Billing
SR511245,Product Advice
SR511246,Installs & Demo
SR511247,Repairs
SR511248,Product Advice
SR511249,Returns & Replacement
SR511250,Filters & Consumables
SR511251,Repairs
SR511252,Installs & Demo
SR511253,Product Advice
SR511254,Repairs
SR511255,Returns & Replacement
SR511256,Repairs
SR511257,Product Advice
SR511258,Product Advice
SR511259,Product Advice
SR511260,Repairs
SR511261,Repairs
SR511262,Returns & Replacement
SR511263,Repairs
SR511264,Repairs
SR511265,Product Advice
SR511266,Returns & Replacement
SR511267,Returns & Replacement
SR511268,Billing
SR511269,Returns & Replacement
SR511270,Repairs
SR511271,Filters & Consumables
SR511272,Warranty Claims
SR511273,Repairs
SR511274,Product Advice
SR511275,Product Advice
SR511276,Returns & Replacement
SR511277,Returns & Replacement
SR511278,Returns & Replacement
SR511279,Returns & Replacement
SR511280,Warranty Claims
SR511281,Installs & Demo
SR511282,Repairs
SR511283,Returns & Replacement
SR511284,Returns & Replacement
SR511285,Warranty Claims
SR511286,Warranty Claims
SR511287,Repairs
SR511288,Billing
SR511289,Product Advice
SR511290,Repairs
SR511291,Warranty Claims
SR511292,Repairs
SR511293,Filters & Consumables
SR511294,Billing
SR511295,Returns & Replacement
SR511296,Warranty Claims
SR511297,Repairs
SR511298,Returns & Replacement
SR511299,Repairs
SR511300,Repairs
SR511301,Returns & Replacement
SR511302,Billing
SR511303,Filters & Consumables
SR511304,Repairs
SR511305,Repairs
SR511306,Repairs
SR511307,Installs & Demo
SR511308,Billing
SR511309,Repairs
SR511310,Product Advice
SR511311,Warranty Claims
SR511312,Repairs
SR511313,Billing
SR511314,Warranty Claims
SR511315,Product Advice
SR511316,Installs & Demo
SR511317,Returns & Replacement
SR511318,Repairs
SR511319,Repairs
SR511320,Repairs
SR511321,Returns & Replacement
SR511322,Warranty Claims
SR511323,Installs & Demo
SR511324,Installs & Demo
SR511325,Billing
SR511326,Product Advice
SR511327,Warranty Claims
SR511328,Repairs
SR511329,Warranty Claims
SR511330,Repairs
SR511331,Installs & Demo
SR511332,Billing
SR511333,Product Advice
SR511334,Billing
SR511335,Repairs
SR511336,Returns & Replacement
SR511337,Returns & Replacement
SR511338,Repairs
SR511339,Repairs
SR511340,Returns & Replacement
SR511341,Returns & Replacement
SR511342,Repairs
SR511343,Installs & Demo
SR511344,Billing
SR511345,Billing
SR511346,Product Advice
SR511347,Installs & Demo
SR511348,Repairs
SR511349,Repairs
SR511350,Repairs
SR511351,Returns & Replacement
SR511352,Repairs
SR511353,Installs & Demo
SR511354,Returns & Replacement
SR511355,Warranty Claims
SR511356,Product Advice
SR511357,Repairs
SR511358,Returns & Replacement
SR511359,Installs & Demo
SR511360,Filters & Consumables
SR511361,Installs & Demo
SR511362,Repairs
SR511363,Product Advice
SR511364,Warranty Claims
SR511365,Product Advice
SR511366,Warranty Claims
SR511367,Filters & Consumables
SR511368,Returns & Replacement
SR511369,Repairs
SR511370,Returns & Replacement
SR511371,Installs & Demo
SR511372,Warranty Claims
SR511373,Returns & Replacement
SR511374,Warranty Claims
SR511375,Installs & Demo
SR511376,Installs & Demo
SR511377,Repairs
SR511378,Installs & Demo
SR511379,Repairs
SR511380,Repairs
SR511381,Warranty Claims
SR511382,Repairs
SR511383,Billing
SR511384,Repairs
SR511385,Repairs
SR511386,Product Advice
SR511387,Repairs
SR511388,Product Advice
SR511389,Repairs
SR511390,Billing
SR511391,Installs & Demo
SR511392,Product Advice
SR511393,Installs & Demo
SR511394,Warranty Claims
SR511395,Billing
SR511396,Installs & Demo
SR511397,Repairs
SR511398,Filters & Consumables
SR511399,Product Advice
SR511400,Returns & Replacement
SR511401,Repairs
SR511402,Repairs
SR511403,Repairs
SR511404,Warranty Claims
SR511405,Product Advice
SR511406,Product Advice
SR511407,Returns & Replacement
SR511408,Repairs
SR511409,Warranty Claims
SR511410,Product Advice
SR511411,Repairs
SR511412,Warranty Claims
SR511413,Billing
SR511414,Returns & Replacement
SR511415,Returns & Replacement
SR511416,Repairs
SR511417,Repairs
SR511418,Repairs
SR511419,Returns & Replacement
SR511420,Repairs
SR511421,Repairs
SR511422,Repairs
SR511423,Repairs
SR511424,Returns & Replacement
SR511425,Warranty Claims
SR511426,Repairs
SR511427,Installs & Demo
SR511428,Product Advice
SR511429,Repairs
SR511430,Repairs
SR511431,Repairs
SR511432,Repairs
SR511433,Repairs
SR511434,Repairs
SR511435,Repairs
SR511436,Repairs
SR511437,Installs & Demo
SR511438,Returns & Replacement
SR511439,Installs & Demo
SR511440,Warranty Claims
SR511441,Filters & Consumables
SR511442,Product Advice
SR511443,Warranty Claims
SR511444,Repairs
SR511445,Repairs
SR511446,Repairs
SR511447,Returns & Replacement
SR511448,Billing
SR511449,Repairs
SR511450,Billing
SR511451,Repairs
SR511452,Repairs
SR511453,Warranty Claims
SR511454,Product Advice
SR511455,Installs & Demo
SR511456,Repairs
SR511457,Repairs
SR511458,Repairs
SR511459,Product Advice
SR511460,Billing
SR511461,Product Advice
SR511462,Returns & Replacement
SR511463,Repairs
SR511464,Repairs
SR511465,Returns & Replacement
SR511466,Product Advice
SR511467,Repairs
SR511468,Billing
SR511469,Warranty Claims
SR511470,Warranty Claims
SR511471,Filters & Consumables
SR511472,Returns & Replacement
SR511473,Product Advice
SR511474,Filters & Consumables
SR511475,Repairs
SR511476,Billing
SR511477,Repairs
SR511478,Filters & Consumables
SR511479,Product Advice
SR511480,Warranty Claims
SR511481,Warranty Claims
SR511482,Repairs
SR511483,Repairs
SR511484,Billing
SR511485,Repairs
SR511486,Product Advice
SR511487,Billing
SR511488,Repairs
SR511489,Product Advice
SR511490,Repairs
SR511491,Repairs
SR511492,Repairs
SR511493,Repairs
SR511494,Product Advice
SR511495,Installs & Demo
SR511496,Warranty Claims
SR511497,Billing
SR511498,Product Advice
SR511499,Returns & Replacement
SR511500,Installs & Demo
SR511501,Billing
SR511502,Repairs
SR511503,Repairs
SR511504,Repairs
SR511505,Warranty Claims
SR511506,Billing
SR511507,Returns & Replacement
SR511508,Billing
SR511509,Product Advice
SR511510,Returns & Replacement
SR511511,Installs & Demo
SR511512,Product Advice
SR511513,Filters & Consumables
SR511514,Repairs
SR511515,Repairs
SR511516,Product Advice
SR511517,Billing
SR511518,Installs & Demo
SR511519,Billing
SR511520,Repairs
SR511521,Repairs
SR511522,Installs & Demo
SR511523,Repairs
SR511524,Repairs
SR511525,Warranty Claims
SR511526,Repairs
SR511527,Repairs
SR511528,Repairs
SR511529,Repairs
SR511530,Product Advice
SR511531,Product Advice
SR511532,Repairs
SR511533,Billing
SR511534,Repairs
SR511535,Repairs
SR511536,Repairs
SR511537,Filters & Consumables
SR511538,Repairs
SR511539,Repairs
SR511540,Returns & Replacement
SR511541,Billing
SR511542,Installs & Demo
SR511543,Warranty Claims
SR511544,Returns & Replacement
SR511545,Installs & Demo
SR511546,Installs & Demo
SR511547,Repairs
SR511548,Billing
SR511549,Installs & Demo
SR511550,Product Advice
SR511551,Installs & Demo
SR511552,Product Advice
SR511553,Warranty Claims
SR511554,Repairs
SR511555,Warranty Claims
SR511556,Repairs
SR511557,Installs & Demo
SR511558,Warranty Claims
SR511559,Repairs
SR511560,Billing
SR511561,Filters & Consumables
SR511562,Returns & Replacement
SR511563,Billing
SR511564,Warranty Claims
SR511565,Billing
SR511566,Billing
SR511567,Billing
SR511568,Returns & Replacement
SR511569,Warranty Claims
SR511570,Repairs
SR511571,Billing
SR511572,Billing
SR511573,Filters & Consumables
SR511574,Billing
SR511575,Repairs
SR511576,Installs & Demo
SR511577,Installs & Demo
SR511578,Returns & Replacement
SR511579,Billing
SR511580,Repairs
SR511581,Billing
SR511582,Warranty Claims
SR511583,Repairs
SR511584,Returns & Replacement
SR511585,Returns & Replacement
SR511586,Filters & Consumables
SR511587,Repairs
SR511588,Filters & Consumables
SR511589,Repairs
SR511590,Repairs
SR511591,Repairs
SR511592,Returns & Replacement
SR511593,Product Advice
SR511594,Warranty Claims
SR511595,Repairs
SR511596,Repairs
SR511597,Repairs
SR511598,Repairs
SR511599,Product Advice
SR511600,Repairs
SR511601,Returns & Replacement
SR511602,Repairs
SR511603,Installs & Demo
SR511604,Repairs
SR511605,Product Advice
SR511606,Repairs
SR511607,Warranty Claims
SR511608,Warranty Claims
SR511609,Filters & Consumables
SR511610,Product Advice
SR511611,Billing
SR511612,Repairs
SR511613,Filters & Consumables
SR511614,Repairs
SR511615,Warranty Claims
SR511616,Filters & Consumables
SR511617,Repairs
SR511618,Repairs
SR511619,Repairs
SR511620,Billing
SR511621,Repairs
SR511622,Warranty Claims
SR511623,Warranty Claims
SR511624,Installs & Demo
SR511625,Repairs
SR511626,Repairs
SR511627,Billing
SR511628,Warranty Claims
SR511629,Returns & Replacement
SR511630,Repairs
SR511631,Returns & Replacement
SR511632,Repairs
SR511633,Product Advice
SR511634,Warranty Claims
SR511635,Warranty Claims
SR511636,Repairs
SR511637,Billing
SR511638,Repairs
SR511639,Billing
SR511640,Repairs
SR511641,Installs & Demo
SR511642,Returns & Replacement
SR511643,Billing
SR511644,Repairs
SR511645,Billing
SR511646,Warranty Claims
SR511647,Repairs
SR511648,Installs & Demo
SR511649,Filters & Consumables
SR511650,Product Advice
SR511651,Repairs
SR511652,Warranty Claims
SR511653,Repairs
SR511654,Billing
SR511655,Product Advice
SR511656,Installs & Demo
SR511657,Product Advice
SR511658,Billing
SR511659,Returns & Replacement
SR511660,Returns & Replacement
SR511661,Warranty Claims
SR511662,Repairs
SR511663,Repairs
SR511664,Repairs
SR511665,Warranty Claims
SR511666,Installs & Demo
SR511667,Installs & Demo
SR511668,Installs & Demo
SR511669,Filters & Consumables
SR511670,Filters & Consumables
SR511671,Billing
SR511672,Filters & Consumables
SR511673,Filters & Consumables
SR511674,Billing
SR511675,Billing
SR511676,Repairs
SR511677,Repairs
SR511678,Billing
SR511679,Repairs
SR511680,Filters & Consumables
SR511681,Installs & Demo
SR511682,Repairs
SR511683,Installs & Demo
SR511684,Billing
SR511685,Warranty Claims
SR511686,Filters & Consumables
SR511687,Repairs
SR511688,Filters & Consumables
SR511689,Product Advice
SR511690,Returns & Replacement
SR511691,Repairs
SR511692,Repairs
SR511693,Installs & Demo
SR511694,Repairs
SR511695,Repairs
SR511696,Filters & Consumables
SR511697,Warranty Claims
SR511698,Repairs
SR511699,Billing
SR511700,Repairs
SR511701,Billing
SR511702,Repairs
SR511703,Installs & Demo
SR511704,Repairs
SR511705,Filters & Consumables
SR511706,Returns & Replacement
SR511707,Installs & Demo
SR511708,Installs & Demo
SR511709,Product Advice
SR511710,Warranty Claims
SR511711,Repairs
SR511712,Repairs
SR511713,Billing
SR511714,Product Advice
SR511715,Installs & Demo
SR511716,Warranty Claims
SR511717,Warranty Claims
SR511718,Product Advice
SR511719,Repairs
SR511720,Warranty Claims
SR511721,Repairs
SR511722,Installs & Demo
SR511723,Returns & Replacement
SR511724,Filters & Consumables
SR511725,Installs & Demo
SR511726,Installs & Demo
SR511727,Repairs
SR511728,Returns & Replacement
SR511729,Repairs
SR511730,Warranty Claims
SR511731,Repairs
SR511732,Repairs
SR511733,Installs & Demo
SR511734,Product Advice
SR511735,Warranty Claims
SR511736,Product Advice
SR511737,Product Advice
SR511738,Warranty Claims
SR511739,Returns & Replacement
SR511740,Returns & Replacement
SR511741,Repairs
SR511742,Repairs
SR511743,Warranty Claims
SR511744,Billing
SR511745,Billing
SR511746,Repairs
SR511747,Product Advice
SR511748,Repairs
SR511749,Repairs
SR511750,Warranty Claims
SR511751,Warranty Claims
SR511752,Repairs
SR511753,Returns & Replacement
SR511754,Warranty Claims
SR511755,Filters & Consumables
SR511756,Repairs
SR511757,Repairs
SR511758,Filters & Consumables
SR511759,Installs & Demo
SR511760,Repairs
SR511761,Warranty Claims
SR511762,Product Advice
SR511763,Filters & Consumables
SR511764,Product Advice
SR511765,Warranty Claims
SR511766,Billing
SR511767,Filters & Consumables
SR511768,Returns & Replacement
SR511769,Repairs
SR511770,Repairs
SR511771,Product Advice
SR511772,Warranty Claims
SR511773,Repairs
SR511774,Billing
SR511775,Returns & Replacement
SR511776,Repairs
SR511777,Returns & Replacement
SR511778,Filters & Consumables
SR511779,Repairs
SR511780,Installs & Demo
SR511781,Warranty Claims
SR511782,Repairs
SR511783,Warranty Claims
SR511784,Billing
SR511785,Repairs
SR511786,Repairs
SR511787,Warranty Claims
SR511788,Repairs
SR511789,Installs & Demo
SR511790,Filters & Consumables
SR511791,Installs & Demo
SR511792,Repairs
SR511793,Installs & Demo
SR511794,Returns & Replacement
SR511795,Returns & Replacement
SR511796,Billing
SR511797,Filters & Consumables
SR511798,Filters & Consumables
SR511799,Repairs
SR511800,Billing
SR511801,Repairs
SR511802,Filters & Consumables
SR511803,Repairs
SR511804,Billing
SR511805,Repairs
SR511806,Returns & Replacement
SR511807,Product Advice
SR511808,Repairs
SR511809,Product Advice
SR511810,Product Advice
SR511811,Repairs
SR511812,Billing
SR511813,Repairs
SR511814,Warranty Claims
SR511815,Product Advice
SR511816,Repairs
SR511817,Product Advice
SR511818,Repairs
SR511819,Returns & Replacement
SR511820,Repairs
SR511821,Repairs
SR511822,Warranty Claims
SR511823,Filters & Consumables
SR511824,Repairs
SR511825,Returns & Replacement
SR511826,Warranty Claims
SR511827,Repairs
SR511828,Returns & Replacement
SR511829,Billing
SR511830,Returns & Replacement
SR511831,Billing
SR511832,Repairs
SR511833,Billing
SR511834,Repairs
SR511835,Repairs
SR511836,Repairs
SR511837,Returns & Replacement
SR511838,Product Advice
SR511839,Repairs
SR511840,Warranty Claims
SR511841,Repairs
SR511842,Warranty Claims
SR511843,Warranty Claims
SR511844,Repairs
SR511845,Repairs
SR511846,Returns & Replacement
SR511847,Returns & Replacement
SR511848,Installs & Demo
SR511849,Warranty Claims
SR511850,Billing
SR511851,Warranty Claims
SR511852,Billing
SR511853,Repairs
SR511854,Warranty Claims
SR511855,Repairs
SR511856,Repairs
SR511857,Filters & Consumables
SR511858,Billing
SR511859,Repairs
SR511860,Repairs
SR511861,Repairs
SR511862,Repairs
SR511863,Repairs
SR511864,Warranty Claims
SR511865,Filters & Consumables
SR511866,Returns & Replacement
SR511867,Product Advice
SR511868,Repairs
SR511869,Warranty Claims
SR511870,Installs & Demo
SR511871,Warranty Claims
SR511872,Returns & Replacement
SR511873,Product Advice
SR511874,Billing
SR511875,Repairs
SR511876,Product Advice
SR511877,Product Advice
SR511878,Repairs
SR511879,Warranty Claims
SR511880,Repairs
SR511881,Returns & Replacement
SR511882,Returns & Replacement
SR511883,Product Advice
SR511884,Product Advice
SR511885,Returns & Replacement
SR511886,Installs & Demo
SR511887,Repairs
SR511888,Filters & Consumables
SR511889,Repairs
SR511890,Repairs
SR511891,Repairs
SR511892,Repairs
SR511893,Filters & Consumables
SR511894,Billing
SR511895,Returns & Replacement
SR511896,Warranty Claims
SR511897,Repairs
SR511898,Billing
SR511899,Repairs
SR511900,Warranty Claims
SR511901,Repairs
SR511902,Repairs
SR511903,Billing
SR511904,Installs & Demo
SR511905,Warranty Claims
SR511906,Billing
SR511907,Filters & Consumables
SR511908,Warranty Claims
SR511909,Filters & Consumables
SR511910,Repairs
SR511911,Returns & Replacement
SR511912,Warranty Claims
SR511913,Repairs
SR511914,Installs & Demo
SR511915,Filters & Consumables
SR511916,Billing
SR511917,Warranty Claims
SR511918,Repairs
SR511919,Warranty Claims
SR511920,Returns & Replacement
SR511921,Filters & Consumables
SR511922,Billing
SR511923,Warranty Claims
SR511924,Installs & Demo
SR511925,Installs & Demo
SR511926,Warranty Claims
SR511927,Installs & Demo
SR511928,Repairs
SR511929,Repairs
SR511930,Repairs
SR511931,Returns & Replacement
SR511932,Product Advice
SR511933,Repairs
SR511934,Warranty Claims
SR511935,Billing
SR511936,Returns & Replacement
SR511937,Repairs
SR511938,Repairs
SR511939,Repairs
SR511940,Installs & Demo
SR511941,Product Advice
SR511942,Installs & Demo
SR511943,Repairs
SR511944,Returns & Replacement
SR511945,Repairs
SR511946,Billing
SR511947,Returns & Replacement
SR511948,Filters & Consumables
SR511949,Repairs
SR511950,Product Advice
SR511951,Repairs
SR511952,Repairs
SR511953,Repairs
SR511954,Filters & Consumables
SR511955,Returns & Replacement
SR511956,Warranty Claims
SR511957,Repairs
SR511958,Product Advice
SR511959,Warranty Claims
SR511960,Repairs
SR511961,Warranty Claims
SR511962,Repairs
SR511963,Installs & Demo
SR511964,Product Advice
SR511965,Repairs
SR511966,Returns & Replacement
SR511967,Repairs
SR511968,Installs & Demo
SR511969,Repairs
SR511970,Repairs
SR511971,Repairs
SR511972,Repairs
SR511973,Returns & Replacement
SR511974,Warranty Claims
SR511975,Product Advice
SR511976,Repairs
SR511977,Repairs
SR511978,Billing
SR511979,Filters & Consumables
SR511980,Billing
SR511981,Repairs
SR511982,Returns & Replacement
SR511983,Repairs
SR511984,Product Advice
SR511985,Installs & Demo
SR511986,Billing
SR511987,Filters & Consumables
SR511988,Repairs
SR511989,Product Advice
SR511990,Installs & Demo
SR511991,Filters & Consumables
SR511992,Returns & Replacement
SR511993,Product Advice
SR511994,Repairs
SR511995,Installs & Demo
SR511996,Installs & Demo
SR511997,Installs & Demo
SR511998,Returns & Replacement
SR511999,Installs & Demo
SR512000,Repairs
SR512001,Product Advice
SR512002,Returns & Replacement
SR512003,Repairs
SR512004,Billing
SR512005,Warranty Claims
SR512006,Warranty Claims
SR512007,Repairs
SR512008,Repairs
SR512009,Repairs
SR512010,Returns & Replacement
SR512011,Repairs
SR512012,Repairs
SR512013,Installs & Demo
SR512014,Repairs
SR512015,Repairs
SR512016,Repairs
SR512017,Repairs
SR512018,Repairs
SR512019,Installs & Demo
SR512020,Warranty Claims
SR512021,Product Advice
SR512022,Returns & Replacement
SR512023,Product Advice
SR512024,Product Advice
SR512025,Returns & Replacement
SR512026,Warranty Claims
SR512027,Warranty Claims
SR512028,Billing
SR512029,Repairs
SR512030,Repairs
SR512031,Repairs
SR512032,Repairs
SR512033,Repairs
SR512034,Product Advice
SR512035,Repairs
SR512036,Warranty Claims
SR512037,Repairs
SR512038,Repairs
SR512039,Returns & Replacement
SR512040,Repairs
SR512041,Repairs
SR512042,Repairs
SR512043,Repairs
SR512044,Repairs
SR512045,Product Advice
SR512046,Returns & Replacement
SR512047,Filters & Consumables
SR512048,Filters & Consumables
SR512049,Product Advice
SR512050,Warranty Claims
SR512051,Repairs
SR512052,Repairs
SR512053,Installs & Demo
SR512054,Warranty Claims
SR512055,Installs & Demo
SR512056,Warranty Claims
SR512057,Repairs
SR512058,Repairs
SR512059,Repairs
SR512060,Repairs
SR512061,Repairs
SR512062,Warranty Claims
SR512063,Installs & Demo
SR512064,Repairs
SR512065,Returns & Replacement
SR512066,Repairs
SR512067,Billing
SR512068,Returns & Replacement
SR512069,Installs & Demo
SR512070,Installs & Demo
SR512071,Product Advice
SR512072,Repairs
SR512073,Billing
SR512074,Product Advice
SR512075,Repairs
SR512076,Repairs
SR512077,Repairs
SR512078,Filters & Consumables
SR512079,Installs & Demo
SR512080,Installs & Demo
SR512081,Repairs
SR512082,Repairs
SR512083,Repairs
SR512084,Repairs
SR512085,Repairs
SR512086,Product Advice
SR512087,Product Advice
SR512088,Repairs
SR512089,Returns & Replacement
SR512090,Installs & Demo
SR512091,Repairs
SR512092,Repairs
SR512093,Installs & Demo
SR512094,Repairs
SR512095,Returns & Replacement
SR512096,Installs & Demo
SR512097,Repairs
SR512098,Repairs
SR512099,Filters & Consumables
SR512100,Repairs
SR512101,Billing
SR512102,Billing
SR512103,Repairs
SR512104,Repairs
SR512105,Repairs
SR512106,Installs & Demo
SR512107,Filters & Consumables
SR512108,Repairs
SR512109,Warranty Claims
SR512110,Billing
SR512111,Repairs
SR512112,Warranty Claims
SR512113,Repairs
SR512114,Returns & Replacement
SR512115,Warranty Claims
SR512116,Filters & Consumables
SR512117,Filters & Consumables
SR512118,Repairs
SR512119,Installs & Demo
SR512120,Filters & Consumables
SR512121,Billing
SR512122,Returns & Replacement
SR512123,Warranty Claims
SR512124,Billing
SR512125,Product Advice
SR512126,Installs & Demo
SR512127,Repairs
SR512128,Repairs
SR512129,Warranty Claims
SR512130,Filters & Consumables
SR512131,Warranty Claims
SR512132,Repairs
SR512133,Warranty Claims
SR512134,Repairs
SR512135,Product Advice
SR512136,Filters & Consumables
SR512137,Warranty Claims
SR512138,Repairs
SR512139,Repairs
SR512140,Warranty Claims
SR512141,Billing
SR512142,Returns & Replacement
SR512143,Returns & Replacement
SR512144,Billing
SR512145,Repairs
SR512146,Billing
SR512147,Filters & Consumables
SR512148,Repairs
SR512149,Billing
SR512150,Repairs
SR512151,Repairs
SR512152,Returns & Replacement
SR512153,Repairs
SR512154,Product Advice
SR512155,Repairs
SR512156,Repairs
SR512157,Repairs
SR512158,Installs & Demo
SR512159,Repairs
SR512160,Repairs
SR512161,Repairs
SR512162,Warranty Claims
SR512163,Billing
SR512164,Returns & Replacement
SR512165,Warranty Claims
SR512166,Billing
SR512167,Filters & Consumables
SR512168,Repairs
SR512169,Repairs
SR512170,Repairs
SR512171,Returns & Replacement
SR512172,Repairs
SR512173,Repairs
SR512174,Billing
SR512175,Returns & Replacement
SR512176,Product Advice
SR512177,Product Advice
SR512178,Billing
SR512179,Repairs
SR512180,Installs & Demo
SR512181,Repairs
SR512182,Returns & Replacement
SR512183,Billing
SR512184,Repairs
SR512185,Repairs
SR512186,Warranty Claims
SR512187,Repairs
SR512188,Returns & Replacement
SR512189,Installs & Demo
SR512190,Installs & Demo
SR512191,Repairs
SR512192,Repairs
SR512193,Product Advice
SR512194,Repairs
SR512195,Repairs
SR512196,Billing
SR512197,Repairs
SR512198,Repairs
SR512199,Installs & Demo
SR512200,Warranty Claims
SR512201,Installs & Demo
SR512202,Repairs
SR512203,Repairs
SR512204,Repairs
SR512205,Installs & Demo
SR512206,Returns & Replacement
SR512207,Installs & Demo
SR512208,Returns & Replacement
SR512209,Billing
SR512210,Returns & Replacement
SR512211,Installs & Demo
SR512212,Warranty Claims
SR512213,Installs & Demo
SR512214,Installs & Demo
SR512215,Repairs
SR512216,Repairs
SR512217,Product Advice
SR512218,Returns & Replacement
SR512219,Returns & Replacement
SR512220,Installs & Demo
SR512221,Returns & Replacement
SR512222,Billing
SR512223,Repairs
SR512224,Installs & Demo
SR512225,Repairs
SR512226,Billing
SR512227,Installs & Demo
SR512228,Returns & Replacement
SR512229,Billing
SR512230,Repairs
SR512231,Installs & Demo
SR512232,Product Advice
SR512233,Filters & Consumables
SR512234,Repairs
SR512235,Installs & Demo
SR512236,Warranty Claims
SR512237,Repairs
SR512238,Returns & Replacement
SR512239,Installs & Demo
SR512240,Repairs
SR512241,Repairs
SR512242,Repairs
SR512243,Filters & Consumables
SR512244,Repairs
SR512245,Returns & Replacement
SR512246,Filters & Consumables
SR512247,Repairs
SR512248,Warranty Claims
SR512249,Installs & Demo
SR512250,Returns & Replacement
SR512251,Repairs
SR512252,Installs & Demo
SR512253,Installs & Demo
SR512254,Repairs
SR512255,Filters & Consumables
SR512256,Repairs
SR512257,Filters & Consumables
SR512258,Billing
SR512259,Installs & Demo
SR512260,Billing
SR512261,Returns & Replacement
SR512262,Warranty Claims
SR512263,Repairs
SR512264,Repairs
SR512265,Returns & Replacement
SR512266,Installs & Demo
SR512267,Warranty Claims
SR512268,Returns & Replacement
SR512269,Returns & Replacement
SR512270,Returns & Replacement
SR512271,Installs & Demo
SR512272,Repairs
SR512273,Product Advice
SR512274,Repairs
SR512275,Repairs
SR512276,Installs & Demo
SR512277,Warranty Claims
SR512278,Repairs
SR512279,Repairs
SR512280,Product Advice
SR512281,Repairs
SR512282,Repairs
SR512283,Product Advice
SR512284,Repairs
SR512285,Repairs
SR512286,Filters & Consumables
SR512287,Returns & Replacement
SR512288,Warranty Claims
SR512289,Filters & Consumables
SR512290,Filters & Consumables
SR512291,Installs & Demo
SR512292,Warranty Claims
SR512293,Returns & Replacement
SR512294,Repairs
SR512295,Product Advice
SR512296,Billing
SR512297,Billing
SR512298,Installs & Demo
SR512299,Repairs
SR512300,Installs & Demo
SR512301,Product Advice
SR512302,Product Advice
SR512303,Product Advice
SR512304,Repairs
SR512305,Repairs
SR512306,Billing
SR512307,Repairs
SR512308,Repairs
SR512309,Repairs
SR512310,Returns & Replacement
SR512311,Repairs
SR512312,Repairs
SR512313,Product Advice
SR512314,Warranty Claims
SR512315,Filters & Consumables
SR512316,Warranty Claims
SR512317,Repairs
SR512318,Returns & Replacement
SR512319,Repairs
SR512320,Warranty Claims
SR512321,Repairs
SR512322,Returns & Replacement
SR512323,Returns & Replacement
SR512324,Installs & Demo
SR512325,Product Advice
SR512326,Returns & Replacement
SR512327,Product Advice
SR512328,Warranty Claims
SR512329,Installs & Demo
SR512330,Repairs
SR512331,Billing
SR512332,Returns & Replacement
SR512333,Warranty Claims
SR512334,Installs & Demo
SR512335,Returns & Replacement
SR512336,Returns & Replacement
SR512337,Installs & Demo
SR512338,Installs & Demo
SR512339,Filters & Consumables
SR512340,Billing
SR512341,Repairs
SR512342,Repairs
SR512343,Repairs
SR512344,Repairs
SR512345,Filters & Consumables
SR512346,Filters & Consumables
SR512347,Returns & Replacement
SR512348,Warranty Claims
SR512349,Repairs
SR512350,Installs & Demo
SR512351,Repairs
SR512352,Repairs
SR512353,Returns & Replacement
SR512354,Repairs
SR512355,Returns & Replacement
SR512356,Warranty Claims
SR512357,Billing
SR512358,Warranty Claims
SR512359,Warranty Claims
SR512360,Installs & Demo
SR512361,Repairs
SR512362,Warranty Claims
SR512363,Returns & Replacement
SR512364,Returns & Replacement
SR512365,Repairs
SR512366,Repairs
SR512367,Repairs
SR512368,Billing
SR512369,Warranty Claims
SR512370,Repairs
SR512371,Filters & Consumables
SR512372,Repairs
SR512373,Filters & Consumables
SR512374,Repairs
SR512375,Filters & Consumables
SR512376,Repairs
SR512377,Installs & Demo
SR512378,Installs & Demo
SR512379,Filters & Consumables
SR512380,Installs & Demo
SR512381,Returns & Replacement
SR512382,Warranty Claims
SR512383,Product Advice
SR512384,Repairs
SR512385,Repairs
SR512386,Billing
SR512387,Warranty Claims
SR512388,Repairs
SR512389,Returns & Replacement
SR512390,Product Advice
SR512391,Repairs
SR512392,Warranty Claims
SR512393,Product Advice
SR512394,Filters & Consumables
SR512395,Repairs
SR512396,Billing
SR512397,Returns & Replacement
SR512398,Repairs
SR512399,Billing
SR512400,Repairs
SR512401,Warranty Claims
SR512402,Returns & Replacement
SR512403,Product Advice
SR512404,Filters & Consumables
SR512405,Repairs
SR512406,Repairs
SR512407,Billing
SR512408,Repairs
SR512409,Repairs
SR512410,Warranty Claims
SR512411,Installs & Demo
SR512412,Returns & Replacement
SR512413,Repairs
SR512414,Warranty Claims
SR512415,Repairs
SR512416,Repairs
SR512417,Repairs
SR512418,Returns & Replacement
SR512419,Returns & Replacement
SR512420,Installs & Demo
SR512421,Repairs
SR512422,Repairs
SR512423,Repairs
SR512424,Repairs
SR512425,Product Advice
SR512426,Repairs
SR512427,Warranty Claims
SR512428,Filters & Consumables
SR512429,Repairs
SR512430,Installs & Demo
SR512431,Warranty Claims
SR512432,Product Advice
SR512433,Returns & Replacement
SR512434,Filters & Consumables
SR512435,Warranty Claims
SR512436,Warranty Claims
SR512437,Returns & Replacement
SR512438,Repairs
SR512439,Filters & Consumables
SR512440,Filters & Consumables
SR512441,Repairs
SR512442,Billing
SR512443,Returns & Replacement
SR512444,Installs & Demo
SR512445,Repairs
SR512446,Filters & Consumables
SR512447,Billing
SR512448,Warranty Claims
SR512449,Returns & Replacement
SR512450,Repairs
SR512451,Warranty Claims
SR512452,Product Advice
SR512453,Product Advice
SR512454,Repairs
SR512455,Installs & Demo
SR512456,Warranty Claims
SR512457,Product Advice
SR512458,Repairs
SR512459,Returns & Replacement
SR512460,Product Advice
SR512461,Returns & Replacement
SR512462,Billing
SR512463,Repairs
SR512464,Repairs
SR512465,Warranty Claims
SR512466,Warranty Claims
SR512467,Product Advice
SR512468,Repairs
SR512469,Product Advice
SR512470,Returns & Replacement
SR512471,Repairs
SR512472,Billing
SR512473,Warranty Claims
SR512474,Filters & Consumables
SR512475,Repairs
SR512476,Installs & Demo
SR512477,Billing
SR512478,Filters & Consumables
SR512479,Repairs
SR512480,Installs & Demo
SR512481,Repairs
SR512482,Repairs
SR512483,Product Advice
SR512484,Returns & Replacement
SR512485,Repairs
SR512486,Repairs
SR512487,Installs & Demo
SR512488,Returns & Replacement
SR512489,Product Advice
SR512490,Product Advice
SR512491,Warranty Claims
SR512492,Installs & Demo
SR512493,Repairs
SR512494,Filters & Consumables
SR512495,Installs & Demo
SR512496,Repairs
SR512497,Billing
SR512498,Returns & Replacement
SR512499,Billing
SR512500,Warranty Claims
SR512501,Installs & Demo
SR512502,Installs & Demo
SR512503,Repairs
SR512504,Product Advice
SR512505,Billing
SR512506,Repairs
SR512507,Repairs
SR512508,Repairs
SR512509,Repairs
SR512510,Repairs
SR512511,Warranty Claims
SR512512,Installs & Demo
SR512513,Repairs
SR512514,Repairs
SR512515,Installs & Demo
SR512516,Repairs
SR512517,Product Advice
SR512518,Repairs
SR512519,Filters & Consumables
SR512520,Repairs
SR512521,Filters & Consumables
SR512522,Warranty Claims
SR512523,Filters & Consumables
SR512524,Installs & Demo
SR512525,Repairs
SR512526,Product Advice
SR512527,Installs & Demo
SR512528,Product Advice
SR512529,Returns & Replacement
SR512530,Repairs
SR512531,Returns & Replacement
SR512532,Repairs
SR512533,Repairs
SR512534,Filters & Consumables
SR512535,Filters & Consumables
SR512536,Repairs
SR512537,Repairs
SR512538,Returns & Replacement
SR512539,Repairs
SR512540,Filters & Consumables
SR512541,Installs & Demo
SR512542,Warranty Claims
SR512543,Installs & Demo
SR512544,Repairs
SR512545,Warranty Claims
SR512546,Repairs
SR512547,Installs & Demo
SR512548,Warranty Claims
SR512549,Repairs
SR512550,Returns & Replacement
SR512551,Product Advice
SR512552,Warranty Claims
SR512553,Repairs
SR512554,Repairs
SR512555,Filters & Consumables
SR512556,Filters & Consumables
SR512557,Filters & Consumables
SR512558,Filters & Consumables
SR512559,Returns & Replacement
SR512560,Repairs
SR512561,Product Advice
SR512562,Returns & Replacement
SR512563,Repairs
SR512564,Warranty Claims
SR512565,Repairs
SR512566,Product Advice
SR512567,Repairs
SR512568,Returns & Replacement
SR512569,Returns & Replacement
SR512570,Returns & Replacement
SR512571,Repairs
SR512572,Repairs
SR512573,Warranty Claims
SR512574,Repairs
SR512575,Repairs
SR512576,Repairs
SR512577,Filters & Consumables
SR512578,Repairs
SR512579,Warranty Claims
SR512580,Repairs
SR512581,Installs & Demo
SR512582,Repairs
SR512583,Warranty Claims
SR512584,Product Advice
SR512585,Warranty Claims
SR512586,Returns & Replacement
SR512587,Repairs
SR512588,Product Advice
SR512589,Warranty Claims
SR512590,Warranty Claims
SR512591,Product Advice
SR512592,Installs & Demo
SR512593,Returns & Replacement
SR512594,Billing
SR512595,Billing
SR512596,Billing
SR512597,Repairs
SR512598,Returns & Replacement
SR512599,Product Advice
SR512600,Filters & Consumables
SR512601,Warranty Claims
SR512602,Warranty Claims
SR512603,Product Advice
SR512604,Returns & Replacement
SR512605,Repairs
SR512606,Warranty Claims
SR512607,Repairs
SR512608,Repairs
SR512609,Product Advice
SR512610,Filters & Consumables
SR512611,Product Advice
SR512612,Repairs
SR512613,Filters & Consumables
SR512614,Returns & Replacement
SR512615,Filters & Consumables
SR512616,Repairs
SR512617,Product Advice
SR512618,Warranty Claims
SR512619,Returns & Replacement
SR512620,Product Advice
SR512621,Returns & Replacement
SR512622,Repairs
SR512623,Filters & Consumables
SR512624,Product Advice
SR512625,Filters & Consumables
SR512626,Returns & Replacement
SR512627,Repairs
SR512628,Repairs
SR512629,Installs & Demo
SR512630,Repairs
SR512631,Repairs
SR512632,Product Advice
SR512633,Repairs
SR512634,Returns & Replacement
SR512635,Filters & Consumables
SR512636,Filters & Consumables
SR512637,Returns & Replacement
SR512638,Repairs
SR512639,Filters & Consumables
SR512640,Installs & Demo
SR512641,Warranty Claims
SR512642,Repairs
SR512643,Product Advice
SR512644,Repairs
SR512645,Billing
SR512646,Warranty Claims
SR512647,Billing
SR512648,Repairs
SR512649,Filters & Consumables
SR512650,Repairs
SR512651,Repairs
SR512652,Warranty Claims
SR512653,Repairs
SR512654,Warranty Claims
SR512655,Filters & Consumables
SR512656,Filters & Consumables
SR512657,Installs & Demo
SR512658,Repairs
SR512659,Installs & Demo
SR512660,Repairs
SR512661,Billing
SR512662,Filters & Consumables
SR512663,Returns & Replacement
SR512664,Billing
SR512665,Repairs
SR512666,Returns & Replacement
SR512667,Repairs
SR512668,Billing
SR512669,Product Advice
SR512670,Filters & Consumables
SR512671,Repairs
SR512672,Warranty Claims
SR512673,Repairs
SR512674,Repairs
SR512675,Filters & Consumables
SR512676,Repairs
SR512677,Product Advice
SR512678,Returns & Replacement
SR512679,Installs & Demo
SR512680,Billing
SR512681,Repairs
SR512682,Installs & Demo
SR512683,Repairs
SR512684,Billing
SR512685,Installs & Demo
SR512686,Installs & Demo
SR512687,Product Advice
SR512688,Filters & Consumables
SR512689,Product Advice
SR512690,Filters & Consumables
SR512691,Returns & Replacement
SR512692,Product Advice
SR512693,Repairs
SR512694,Warranty Claims
SR512695,Repairs
SR512696,Returns & Replacement
SR512697,Repairs
SR512698,Installs & Demo
SR512699,Product Advice
SR512700,Billing
SR512701,Repairs
SR512702,Returns & Replacement
SR512703,Installs & Demo
SR512704,Repairs
SR512705,Returns & Replacement
SR512706,Returns & Replacement
SR512707,Billing
SR512708,Returns & Replacement
SR512709,Installs & Demo
SR512710,Repairs
SR512711,Billing
SR512712,Billing
SR512713,Repairs
SR512714,Billing
SR512715,Warranty Claims
SR512716,Installs & Demo
SR512717,Installs & Demo
SR512718,Product Advice
SR512719,Warranty Claims
SR512720,Billing
SR512721,Returns & Replacement
SR512722,Filters & Consumables
SR512723,Warranty Claims
SR512724,Repairs
SR512725,Repairs
SR512726,Installs & Demo
SR512727,Repairs
SR512728,Warranty Claims
SR512729,Installs & Demo
SR512730,Warranty Claims
SR512731,Returns & Replacement
SR512732,Repairs
SR512733,Repairs
SR512734,Repairs
SR512735,Repairs
SR512736,Installs & Demo
SR512737,Returns & Replacement
SR512738,Product Advice
SR512739,Filters & Consumables
SR512740,Product Advice
SR512741,Repairs
SR512742,Warranty Claims
SR512743,Filters & Consumables
SR512744,Repairs
SR512745,Product Advice
SR512746,Billing
SR512747,Warranty Claims
SR512748,Filters & Consumables
SR512749,Warranty Claims
SR512750,Repairs
SR512751,Product Advice
SR512752,Repairs
SR512753,Product Advice
SR512754,Repairs
SR512755,Repairs
SR512756,Repairs
SR512757,Repairs
SR512758,Repairs
SR512759,Installs & Demo
SR512760,Repairs
SR512761,Repairs
SR512762,Repairs
SR512763,Installs & Demo
SR512764,Returns & Replacement
SR512765,Warranty Claims
SR512766,Warranty Claims
SR512767,Returns & Replacement
SR512768,Repairs
SR512769,Repairs
SR512770,Repairs
SR512771,Warranty Claims
SR512772,Repairs
SR512773,Billing
SR512774,Returns & Replacement
SR512775,Product Advice
SR512776,Repairs
SR512777,Product Advice
SR512778,Installs & Demo
SR512779,Installs & Demo
SR512780,Returns & Replacement
SR512781,Product Advice
SR512782,Installs & Demo
SR512783,Installs & Demo
SR512784,Billing
SR512785,Returns & Replacement
SR512786,Repairs
SR512787,Repairs
SR512788,Warranty Claims
SR512789,Repairs
SR512790,Repairs
SR512791,Installs & Demo
SR512792,Filters & Consumables
SR512793,Repairs
SR512794,Repairs
SR512795,Repairs
SR512796,Filters & Consumables
SR512797,Filters & Consumables
SR512798,Billing
SR512799,Product Advice
SR512800,Repairs
SR512801,Installs & Demo
SR512802,Repairs
SR512803,Billing
SR512804,Warranty Claims
SR512805,Warranty Claims
SR512806,Product Advice
SR512807,Warranty Claims
SR512808,Repairs
SR512809,Returns & Replacement
SR512810,Billing
SR512811,Repairs
SR512812,Returns & Replacement
SR512813,Filters & Consumables
SR512814,Warranty Claims
SR512815,Filters & Consumables
SR512816,Repairs
SR512817,Installs & Demo
SR512818,Repairs
SR512819,Repairs
SR512820,Repairs
SR512821,Repairs
SR512822,Warranty Claims
SR512823,Returns & Replacement
SR512824,Repairs
SR512825,Repairs
SR512826,Warranty Claims
SR512827,Warranty Claims
SR512828,Repairs
SR512829,Repairs
SR512830,Repairs
SR512831,Billing
SR512832,Installs & Demo
SR512833,Filters & Consumables
SR512834,Returns & Replacement
SR512835,Billing
SR512836,Repairs
SR512837,Product Advice
SR512838,Filters & Consumables
SR512839,Warranty Claims
SR512840,Warranty Claims
SR512841,Repairs
SR512842,Repairs
SR512843,Warranty Claims
SR512844,Warranty Claims
SR512845,Installs & Demo
SR512846,Repairs
SR512847,Billing
SR512848,Billing
SR512849,Warranty Claims
SR512850,Returns & Replacement
SR512851,Installs & Demo
SR512852,Returns & Replacement
SR512853,Filters & Consumables
SR512854,Warranty Claims
SR512855,Product Advice
SR512856,Billing
SR512857,Product Advice
SR512858,Product Advice
SR512859,Repairs
SR512860,Repairs
SR512861,Repairs
SR512862,Repairs
SR512863,Repairs
SR512864,Repairs
SR512865,Returns & Replacement
SR512866,Billing
SR512867,Repairs
SR512868,Warranty Claims
SR512869,Repairs
SR512870,Returns & Replacement
SR512871,Installs & Demo
SR512872,Product Advice
SR512873,Returns & Replacement
SR512874,Installs & Demo
SR512875,Installs & Demo
SR512876,Billing
SR512877,Billing
SR512878,Repairs
SR512879,Billing
SR512880,Repairs
SR512881,Repairs
SR512882,Repairs
SR512883,Repairs
SR512884,Repairs
SR512885,Repairs
SR512886,Warranty Claims
SR512887,Filters & Consumables
SR512888,Filters & Consumables
SR512889,Product Advice
SR512890,Returns & Replacement
SR512891,Installs & Demo
SR512892,Repairs
SR512893,Billing
SR512894,Warranty Claims
SR512895,Warranty Claims
SR512896,Repairs
SR512897,Filters & Consumables
SR512898,Warranty Claims
SR512899,Repairs
SR512900,Installs & Demo
SR512901,Returns & Replacement
SR512902,Billing
SR512903,Repairs
SR512904,Installs & Demo
SR512905,Billing
SR512906,Product Advice
SR512907,Warranty Claims
SR512908,Repairs
SR512909,Repairs
SR512910,Billing
SR512911,Repairs
SR512912,Filters & Consumables
SR512913,Installs & Demo
SR512914,Billing
SR512915,Repairs
SR512916,Repairs
SR512917,Billing
SR512918,Warranty Claims
SR512919,Repairs
SR512920,Billing
SR512921,Filters & Consumables
SR512922,Repairs
SR512923,Product Advice
SR512924,Installs & Demo
SR512925,Installs & Demo
SR512926,Repairs
SR512927,Product Advice
SR512928,Returns & Replacement
SR512929,Repairs
SR512930,Product Advice
SR512931,Filters & Consumables
SR512932,Billing
SR512933,Returns & Replacement
SR512934,Returns & Replacement
SR512935,Product Advice
SR512936,Product Advice
SR512937,Warranty Claims
SR512938,Repairs
SR512939,Warranty Claims
SR512940,Filters & Consumables
SR512941,Repairs
SR512942,Repairs
SR512943,Product Advice
SR512944,Installs & Demo
SR512945,Repairs
SR512946,Repairs
SR512947,Product Advice
SR512948,Repairs
SR512949,Billing
SR512950,Product Advice
SR512951,Installs & Demo
SR512952,Returns & Replacement
SR512953,Repairs
SR512954,Billing
SR512955,Repairs
SR512956,Product Advice
SR512957,Warranty Claims
SR512958,Warranty Claims
SR512959,Returns & Replacement
SR512960,Returns & Replacement
SR512961,Installs & Demo
SR512962,Billing
SR512963,Repairs
SR512964,Repairs
SR512965,Repairs
SR512966,Installs & Demo
SR512967,Installs & Demo
SR512968,Product Advice
SR512969,Repairs
SR512970,Installs & Demo
SR512971,Product Advice
SR512972,Installs & Demo
SR512973,Repairs
SR512974,Installs & Demo
SR512975,Installs & Demo
SR512976,Returns & Replacement
SR512977,Returns & Replacement
SR512978,Repairs
SR512979,Repairs
SR512980,Repairs
SR512981,Installs & Demo
SR512982,Returns & Replacement
SR512983,Installs & Demo
SR512984,Repairs
SR512985,Filters & Consumables
SR512986,Billing
SR512987,Billing
SR512988,Filters & Consumables
SR512989,Filters & Consumables
SR512990,Billing
SR512991,Repairs
SR512992,Warranty Claims
SR512993,Warranty Claims
SR512994,Installs & Demo
SR512995,Returns & Replacement
SR512996,Repairs
SR512997,Returns & Replacement
SR512998,Repairs
SR512999,Returns & Replacement
