source,family,paraphrase
"P arrived damaged, need replacement","P arrived damaged, need replacement","The water purifier arrived damaged, need a replacement."
"P arrived damaged, need replacement","P arrived damaged, need replacement",My water purifier is damaged and I need a replacement.
"P arrived damaged, need replacement","P arrived damaged, need replacement","My water purifier arrived broken, need a replacement."
"P arrived damaged, need replacement","P arrived damaged, need replacement","Damaged water purifier, need a replacement unit."
"P arrived damaged, need replacement","P arrived damaged, need replacement",My water purifier is damaged and needs to be replaced.
"P arrived damaged, need replacement","P arrived damaged, need replacement","The water purifier I received is damaged, need a replacement."
"P arrived damaged, need replacement","P arrived damaged, need replacement",My water purifier arrived broken and needs to be replaced.
"P arrived damaged, need replacement","P arrived damaged, need replacement","Damaged water purifier, need a replacement unit, please."
"P arrived damaged, need replacement","P arrived damaged, need replacement","My water purifier arrived damaged, need a replacement unit."
"P arrived damaged, need replacement","P arrived damaged, need replacement","My water purifier is damaged and needs to be replaced, please."
P delivered but not installed yet,P delivered but not installed yet,The water purifier arrived but hasn't been installed yet.
P delivered but not installed yet,P delivered but not installed yet,My water purifier was delivered but hasn't been installed.
P delivered but not installed yet,P delivered but not installed yet,The water purifier was delivered but hasn't been installed.
P delivered but not installed yet,P delivered but not installed yet,I ordered a water purifier and it's here but hasn't been installed.
P delivered but not installed yet,P delivered but not installed yet,The water purifier arrived but hasn't been installed.
P delivered but not installed yet,P delivered but not installed yet,My water purifier arrived but hasn't been installed yet.
P delivered but not installed yet,P delivered but not installed yet,I ordered a water purifier and it's here but hasn't been put in yet.
P delivered but not installed yet,P delivered but not installed yet,The water purifier arrived but hasn't been installed on my system.
P delivered but not installed yet,P delivered but not installed yet,My water purifier arrived but hasn't been installed on the system yet.
P leaking water from bottom,P leaking water from bottom,The water purifier is leaking water from the bottom.
P leaking water from bottom,P leaking water from bottom,My water purifier is leaking water from the bottom.
P leaking water from bottom,P leaking water from bottom,The bottom of my water purifier is leaking water.
P leaking water from bottom,P leaking water from bottom,The water purifier is leaking from the bottom.
P leaking water from bottom,P leaking water from bottom,Bottom leakage on my water purifier.
P leaking water from bottom,P leaking water from bottom,Leakage at the bottom of my water purifier.
P leaking water from bottom,P leaking water from bottom,My water purifier is leaking water at the bottom.
P leaking water from bottom,P leaking water from bottom,Bottom part of my water purifier is leaking water.
P leaking water from bottom,P leaking water from bottom,My water purifier is leaking at the bottom.
P leaking water from bottom P not working,P leaking water from bottom P not working,The water purifier is leaking water and it's not working properly.
P leaking water from bottom P not working,P leaking water from bottom P not working,My water purifier is leaking and it doesn't work.
P leaking water from bottom P not working,P leaking water from bottom P not working,The water purifier isn't working and water is leaking from the bottom.
P leaking water from bottom P not working,P leaking water from bottom P not working,Bottom of my water purifier is leaking and it's not purifying water.
P leaking water from bottom P not working,P leaking water from bottom P not working,My water purifier is leaking water and it doesn't work.
P leaking water from bottom P not working,P leaking water from bottom P not working,The water purifier is leaking and it's not purifying water.
P leaking water from bottom P not working,P leaking water from bottom P not working,Bottom of the water purifier is leaking and it's not working.
P leaking water from bottom P not working,P leaking water from bottom P not working,Water purifier leaking water and not purifying.
P leaking water from bottom P not working,P leaking water from bottom P not working,Water is leaking from the bottom of my water purifier and it's not working.
P leaking water from bottom P not working,P leaking water from bottom P not working,My water purifier is leaking water and it doesn't purify.
P making loud noise,P making loud noise,The water purifier is making a lot of noise.
P making loud noise,P making loud noise,My water purifier is very noisy.
P making loud noise,P making loud noise,The water purifier makes a lot of racket.
P making loud noise,P making loud noise,The water purifier is very loud.
P making loud noise,P making loud noise,The water purifier makes too much noise.
P making loud noise,P making loud noise,The water purifier is making a lot of sound.
P making loud noise,P making loud noise,The water purifier is very noisy and makes a lot of noise.
P making loud noise,P making loud noise,My water purifier is making a lot of noise.
P making loud noise,P making loud noise,The water purifier is very loud and makes a lot of noise.
P making loud noise,P making loud noise,My water purifier is making a lot of racket.
P making loud noise P not working,P making loud noise P not working,Water purifier making loud noise.
P making loud noise P not working,P making loud noise P not working,Purifier is noisy and not working.
P making loud noise P not working,P making loud noise P not working,My water purifier makes too much noise and isn't filtering water.
P making loud noise P not working,P making loud noise P not working,The water purifier is noisy but doesn't work properly.
P making loud noise P not working,P making loud noise P not working,My water purifier is noisy and isn't purifying water.
P making loud noise P not working,P making loud noise P not working,Purifier makes noise but doesn't work.
P making loud noise P not working,P making loud noise P not working,Water purifier is noisy and not filtering water correctly.
P making loud noise P not working,P making loud noise P not working,Purifier makes noise but isn't working as it should.
P making loud noise P not working,P making loud noise P not working,My water purifier is noisy and doesn't function properly.
P making loud noise P not working,P making loud noise P not working,Purifier makes noise but isn't purifying water.
P missing parts in box,P missing parts in box,Missing parts in the water purifier box.
P missing parts in box,P missing parts in box,Water purifier box has missing parts.
P missing parts in box,P missing parts in box,The water purifier comes with missing parts in the box.
P missing parts in box,P missing parts in box,There are missing parts inside the water purifier box.
P missing parts in box,P missing parts in box,The box contains missing parts of the water purifier.
P missing parts in box,P missing parts in box,Missing parts are inside the water purifier box.
P missing parts in box,P missing parts in box,Water purifier box is missing parts.
P missing parts in box,P missing parts in box,There are missing parts in the water purifier box.
P missing parts in box,P missing parts in box,The water purifier box has some parts missing.
P missing parts in box,P missing parts in box,Missing parts found inside the water purifier box.
P not turning on,P not turning on,The water purifier isn't turning on.
P not turning on,P not turning on,My water purifier doesn't work.
P not turning on,P not turning on,The water purifier isn't working.
P not turning on,P not turning on,The water purifier doesn't turn on.
P not turning on,P not turning on,My water purifier isn't functioning.
P not turning on,P not turning on,The water purifier isn't starting up.
P not turning on,P not turning on,My water purifier isn't working properly.
P not turning on,P not turning on,The water purifier isn't coming on.
P not turning on,P not turning on,My water purifier isn't functioning correctly.
P not turning on,P not turning on,The water purifier isn't working as expected.
P not turning on P not working,P not turning on P not working,Water purifier isn't turning on.
P not turning on P not working,P not turning on P not working,Purifier isn't working.
P not turning on P not working,P not turning on P not working,Purifier not starting.
P not turning on P not working,P not turning on P not working,Water filter isn't working.
P not turning on P not working,P not turning on P not working,Purifier not functioning.
P not turning on P not working,P not turning on P not working,Purifier not working properly.
P not turning on P not working,P not turning on P not working,Water filter isn't turning on.
P not turning on P not working,P not turning on P not working,"Purifier not working, water filter issue."
P not turning on P not working,P not turning on P not working,Purifier not working. Water filter isn't turning on.
P not working after 9 months,P not working after # months,The water purifier isn't working after 9 months.
P not working after 9 months,P not working after # months,My water purifier stopped working after 9 months.
P not working after 9 months,P not working after # months,"For the past 9 months, my water purifier hasn't been filtering water."
P not working after 9 months,P not working after # months,My water purifier stopped working after 9 months of use.
P not working after 9 months,P not working after # months,The water purifier I bought 9 months ago doesn't work anymore.
P not working after 9 months,P not working after # months,"For 9 months now, my water purifier hasn't been working."
P problem P not working,P problem P not working,Water purifier isn't working
P problem P not working,P problem P not working,My water purifier isn't functioning
P problem P not working,P problem P not working,The water purifier isn't working properly
P problem P not working,P problem P not working,My water purifier isn't functioning as it should
P problem P not working,P problem P not working,"My water purifier isn't working, it's broken"
P problem P not working,P problem P not working,"The water purifier isn't working, it's not functioning"
P problem P not working,P problem P not working,My water purifier isn't working properly
P problem P not working,P problem P not working,"My water purifier isn't working, it's broken down"
P problem P not working,P problem P not working,"My water purifier isn't working, it's not functioning correctly"
P problem P not working,P problem P not working,"My water purifier isn't working, it's not working properly"
P query P not working,P query P not working,Water purifier isn't working
P query P not working,P query P not working,My water purifier isn't functioning
P query P not working,P query P not working,The water purifier isn't working properly
P query P not working,P query P not working,My water purifier isn't functioning as it should
P query P not working,P query P not working,My water purifier isn't working
P query P not working,P query P not working,The water purifier isn't working right
P query P not working,P query P not working,My water purifier isn't functioning properly
P query P not working,P query P not working,My water purifier isn't working properly
P query P not working,P query P not working,My water purifier isn't functioning correctly
P query P not working,P query P not working,My water purifier isn't working as expected
P showing error code e8,P showing error code e#,Water purifier showing error code e8
P showing error code e8,P showing error code e#,My water purifier is showing error code e8
P showing error code e8,P showing error code e#,Error code e8 on my water purifier
P showing error code e8,P showing error code e#,My water purifier has error code e8
P showing error code e8,P showing error code e#,I have an error code e8 on my water purifier
P showing error code e8,P showing error code e#,My water purifier is displaying error code e8
P showing error code e8,P showing error code e#,Error code e8 appears on my water purifier
P showing error code e8,P showing error code e#,My water purifier is showing the e8 error code
P showing error code e8,P showing error code e#,My water purifier has the e8 error code displayed
P showing error code e8,P showing error code e#,My water purifier shows error code e8
P showing error code e4 P not working,P showing error code e# P not working,"Water purifier showing error code e4, not working."
P showing error code e4 P not working,P showing error code e# P not working,My water purifier is showing error code e4 and it's not working.
P showing error code e4 P not working,P showing error code e# P not working,"Error code e4 on my water purifier, it's not functioning."
P showing error code e4 P not working,P showing error code e# P not working,My water purifier is stuck on error code e4 and it's not working properly.
P showing error code e4 P not working,P showing error code e# P not working,"Water purifier error e4, it's not working."
P showing error code e4 P not working,P showing error code e# P not working,"My water purifier error code e4, it's not working."
P showing error code e4 P not working,P showing error code e# P not working,"Error e4 on my water purifier, it's not working."
P showing error code e4 P not working,P showing error code e# P not working,"My water purifier showing e4 error, it's not working."
P showing error code e4 P not working,P showing error code e# P not working,"Water purifier e4 error, it's not working."
P showing error code e4 P not working,P showing error code e# P not working,My water purifier showing e4 error and it's not working.
P stopped working after 3 months,P stopped working after # months,The water purifier isn't working after 3 months.
P stopped working after 3 months,P stopped working after # months,My water purifier stopped working after 3 months.
P stopped working after 3 months,P stopped working after # months,"For the past 3 months, my water purifier has stopped working."
P stopped working after 3 months,P stopped working after # months,My water purifier stopped working and I've had it for 3 months now.
P stopped working after 3 months,P stopped working after # months,The water purifier stopped working after 3 months of use.
P stopped working after 3 months,P stopped working after # months,My water purifier stopped working and I've had it for 3 months.
P stopped working after 3 months,P stopped working after # months,"For 3 months, my water purifier stopped working."
P stopped working after 3 months,P stopped working after # months,"My water purifier stopped working after 3 months, as expected."
P stopped working after 3 months,P stopped working after # months,My water purifier stopped working after 3 months of use.
P stopped working after 3 months,P stopped working after # months,"My water purifier stopped working after 3 months, as I expected."
P tripping the mcb,P tripping the mcb,My water purifier keeps tripping the main circuit breaker.
P tripping the mcb,P tripping the mcb,The water purifier keeps tripping the MCB.
P tripping the mcb,P tripping the mcb,My water purifier keeps tripping the circuit breaker.
P tripping the mcb,P tripping the mcb,The water purifier keeps tripping the main switch.
P tripping the mcb,P tripping the mcb,My water purifier keeps tripping the MCB and I need help.
P tripping the mcb,P tripping the mcb,The water purifier keeps tripping the main breaker.
P tripping the mcb,P tripping the mcb,My water purifier keeps tripping the main switch and needs assistance.
P tripping the mcb,P tripping the mcb,"The water purifier keeps tripping the main circuit breaker, please."
P tripping the mcb,P tripping the mcb,"My water purifier keeps tripping the main MCB, can you help?"
P tripping the mcb,P tripping the mcb,The water purifier keeps tripping the main breaker and I need some assistance.
P tripping the mcb P not working,P tripping the mcb P not working,Water purifier tripping the circuit breaker. Purifier isn't working.
P tripping the mcb P not working,P tripping the mcb P not working,Purifier keeps tripping the circuit breaker. Something's not working with the purifier.
P tripping the mcb P not working,P tripping the mcb P not working,Water purifier keeps tripping the breaker. It's not working properly.
P tripping the mcb P not working,P tripping the mcb P not working,Purifier keeps tripping the breaker. Doesn't work.
P tripping the mcb P not working,P tripping the mcb P not working,Purifier tripping the breaker. Doesn't work.
P tripping the mcb P not working,P tripping the mcb P not working,Purifier keeps tripping the breaker. Something's wrong with it.
P tripping the mcb P not working,P tripping the mcb P not working,Purifier keeps tripping the breaker. Not functioning.
P tripping the mcb P not working,P tripping the mcb P not working,Purifier keeps tripping the breaker. Something's not right with it.
P tripping the mcb P not working,P tripping the mcb P not working,Purifier keeps tripping the breaker. It's not working.
best settings for P,best settings for P,What are the best settings for my water purifier?
best settings for P,best settings for P,How do I set up the best settings on my water purifier?
best settings for P,best settings for P,Can you suggest the best settings for my water purifier?
best settings for P,best settings for P,What settings work best for my water purifier?
best settings for P,best settings for P,How can I get the best settings for my water purifier?
best settings for P,best settings for P,What are the best settings to use on my water purifier?
best settings for P,best settings for P,How do I adjust the best settings on my water purifier?
best settings for P,best settings for P,What settings are recommended for my water purifier?
best settings for P,best settings for P,How can I set the best settings on my water purifier?
best settings for P,best settings for P,What settings give the best results for my water purifier?
"box was open, P scratched","box was open, P scratched",The water purifier box was open and it scratched.
"box was open, P scratched","box was open, P scratched",The box of the water purifier was open and it was scratched.
"box was open, P scratched","box was open, P scratched",My water purifier box was open and it got scratched.
"box was open, P scratched","box was open, P scratched",The water purifier came with an open box and it was scratched.
"box was open, P scratched","box was open, P scratched",The water purifier box was open and it got scratched.
"box was open, P scratched","box was open, P scratched",My water purifier box was open and it's scratched.
"box was open, P scratched","box was open, P scratched",The water purifier came with an open box and it's scratched.
"box was open, P scratched","box was open, P scratched",My water purifier box was open and it was scratched.
"box was open, P scratched","box was open, P scratched",The water purifier came with an open box and it scratched.
brush roll spare for P,brush roll spare for P,How do I get a spare brush roll for my water purifier?
brush roll spare for P,brush roll spare for P,Can you send me a replacement brush roll for my water purifier?
brush roll spare for P,brush roll spare for P,I need a spare brush roll for my water purifier filter.
brush roll spare for P,brush roll spare for P,Where can I find a brush roll replacement for my water purifier?
brush roll spare for P,brush roll spare for P,I need a spare part for the brush roll on my water purifier.
brush roll spare for P,brush roll spare for P,Can you provide a replacement brush roll for my water purifier?
brush roll spare for P,brush roll spare for P,"I need to replace the brush roll on my water purifier, where can I get one?"
brush roll spare for P,brush roll spare for P,Where can I find a spare brush roll for my water purifier?
brush roll spare for P,brush roll spare for P,I need a replacement brush roll for the water purifier filter.
brush roll spare for P,brush roll spare for P,Where can I purchase a spare brush roll for my water purifier?
can P run on inverter,can P run on inverter,Can my water purifier work with an inverter?
can P run on inverter,can P run on inverter,Does the water purifier need to be connected to an inverter?
can P run on inverter,can P run on inverter,Can I use an inverter to power my water purifier?
can P run on inverter,can P run on inverter,Is it possible to run the water purifier with an inverter?
can P run on inverter,can P run on inverter,Can the water purifier be powered by an inverter?
can P run on inverter,can P run on inverter,Does an inverter work with the water purifier?
can P run on inverter,can P run on inverter,Is it okay to use an inverter with my water purifier?
can P run on inverter,can P run on inverter,Can I use an inverter to power my water filtration system?
can P run on inverter,can P run on inverter,Does the water purifier need to be connected to an inverter for it to work?
can P run on inverter,can P run on inverter,Can I use an inverter to power my water purification device?
cancel and return P,cancel and return P,Cancel my order for the water purifier and return it.
cancel and return P,cancel and return P,I want to cancel my water purifier order and get a refund.
cancel and return P,cancel and return P,Can you cancel my water purifier order and refund me?
cancel and return P,cancel and return P,I need to cancel my water purifier purchase and return it.
cancel and return P,cancel and return P,Please cancel my water purifier order and refund.
cancel and return P,cancel and return P,I need to cancel my order for the water purifier and return it.
cancel and return P,cancel and return P,Can you cancel my water purifier order and give me a refund?
cancel and return P,cancel and return P,I want to cancel my water purifier order and return the item.
cancel and return P,cancel and return P,Can you cancel my order for the water purifier and refund me?
cancel and return P,cancel and return P,I need to cancel my water purifier order and return the product for a refund.
charged twice for my P order,charged twice for my P order,"My water purifier was charged twice, can you look into this please?"
charged twice for my P order,charged twice for my P order,"I was charged twice for the water purifier, what should I do?"
charged twice for my P order,charged twice for my P order,"My order for the water purifier was charged twice, is this correct?"
charged twice for my P order,charged twice for my P order,"I received a charge for my water purifier twice, can you help?"
charged twice for my P order,charged twice for my P order,"The water purifier was mistakenly charged twice, I need this resolved."
charged twice for my P order,charged twice for my P order,"My water purifier was charged twice, is this a mistake?"
charged twice for my P order,charged twice for my P order,"I've been charged twice for my water purifier, can you check this?"
charged twice for my P order,charged twice for my P order,"My water purifier order was charged twice, please investigate."
charged twice for my P order,charged twice for my P order,"I was charged twice for the water purifier, can you look into this issue?"
charged twice for my P order,charged twice for my P order,"My water purifier was charged twice, this seems incorrect, can you assist?"
claim status for P under warranty,claim status for P under warranty,What's the status of my water purifier under warranty?
claim status for P under warranty,claim status for P under warranty,Can you tell me the status of my warranty claim for the water purifier?
claim status for P under warranty,claim status for P under warranty,I need to know the status of my warranty claim for the water purifier.
claim status for P under warranty,claim status for P under warranty,Please show me the status of my water purifier warranty claim.
claim status for P under warranty,claim status for P under warranty,Could you please tell me the status of my warranty claim for the water purifier?
claim status for P under warranty,claim status for P under warranty,I need to check the status of my water purifier warranty claim.
claim status for P under warranty,claim status for P under warranty,What's the current status of my water purifier warranty claim?
claim status for P under warranty,claim status for P under warranty,Can you update me on the status of my water purifier warranty claim?
claim status for P under warranty,claim status for P under warranty,"I need to know the status of my water purifier warranty claim, please."
claim status for P under warranty,claim status for P under warranty,Could you please inform me about the status of my water purifier warranty claim?
consumable pack for P price,consumable pack for P price,Price of consumable pack for water purifier please.
consumable pack for P price,consumable pack for P price,How much is the consumable pack for the water purifier?
consumable pack for P price,consumable pack for P price,Can you tell me the price of the water purifier's replacement parts?
consumable pack for P price,consumable pack for P price,What does it cost to buy the water filter replacement?
consumable pack for P price,consumable pack for P price,Price please of the water filter replacement pack.
consumable pack for P price,consumable pack for P price,Replacement water filter pack price?
consumable pack for P price,consumable pack for P price,How much is the water purifier filter replacement?
consumable pack for P price,consumable pack for P price,Price of the water purifier filter replacement pack.
consumable pack for P price,consumable pack for P price,Replacement water filter set price?
consumable pack for P price,consumable pack for P price,Filter replacement pack price for the water purifier?
coupon discount not applied on P,coupon discount not applied on P,The coupon didn't work on the water purifier.
coupon discount not applied on P,coupon discount not applied on P,They said my coupon didn't apply to the water purifier.
coupon discount not applied on P,coupon discount not applied on P,My water purifier coupon isn't working.
coupon discount not applied on P,coupon discount not applied on P,They won't apply the coupon to the water purifier.
coupon discount not applied on P,coupon discount not applied on P,The coupon discount isn't being applied to the water purifier.
coupon discount not applied on P,coupon discount not applied on P,They refuse to apply the coupon to the water purifier.
coupon discount not applied on P,coupon discount not applied on P,My water purifier coupon isn't being accepted.
coupon discount not applied on P,coupon discount not applied on P,They won't use the coupon for the water purifier.
coupon discount not applied on P,coupon discount not applied on P,The coupon isn't being applied to the water purifier.
coupon discount not applied on P,coupon discount not applied on P,They don't apply the coupon to the water purifier.
difference between lite and pro P,difference between lite and pro P,What's the difference between a lite and pro water purifier?
difference between lite and pro P,difference between lite and pro P,Can you explain the difference between a basic and advanced water purifier?
difference between lite and pro P,difference between lite and pro P,"Lite vs Pro water purifier, what's the difference?"
difference between lite and pro P,difference between lite and pro P,"Lite and Pro models, how do they differ?"
difference between lite and pro P,difference between lite and pro P,"Lite and Pro water purifiers, what's the difference?"
difference between lite and pro P,difference between lite and pro P,"Lite vs Pro, what makes them different?"
difference between lite and pro P,difference between lite and pro P,"Lite and Pro models, how are they different?"
difference between lite and pro P,difference between lite and pro P,"Lite and Pro, what's the difference?"
difference between lite and pro P,difference between lite and pro P,"Lite and Pro water purifiers, how do they differ?"
difference between lite and pro P,difference between lite and pro P,"Lite and Pro, what makes one better?"
display of P gone blank,display of P gone blank,The water purifier screen is blank.
display of P gone blank,display of P gone blank,My water purifier display is not working.
display of P gone blank,display of P gone blank,The water purifier screen went blank.
display of P gone blank,display of P gone blank,The water purifier display stopped working.
display of P gone blank,display of P gone blank,My water purifier screen is blank.
display of P gone blank,display of P gone blank,The water purifier display isn't showing anything.
display of P gone blank,display of P gone blank,My water purifier screen is not working.
display of P gone blank,display of P gone blank,The water purifier display stopped working completely.
display of P gone blank,display of P gone blank,My water purifier screen is blank and not working.
display of P gone blank,display of P gone blank,My water purifier display stopped working and is blank.
display of P gone blank P not working,display of P gone blank P not working,"Water purifier display blank, not working."
display of P gone blank P not working,display of P gone blank P not working,My water purifier display is blank and it's not working.
display of P gone blank P not working,display of P gone blank P not working,The water purifier display is blank and it doesn't work.
display of P gone blank P not working,display of P gone blank P not working,My water purifier display is blank and it's not working properly.
display of P gone blank P not working,display of P gone blank P not working,My water purifier display is blank and it's not functioning.
display of P gone blank P not working,display of P gone blank P not working,"Water purifier display blank, stopped working."
display of P gone blank P not working,display of P gone blank P not working,My water purifier display is blank and it's not working as expected.
display of P gone blank P not working,display of P gone blank P not working,Water purifier display is blank and it's not working.
display of P gone blank P not working,display of P gone blank P not working,My water purifier display is blank and it doesn't work.
display of P gone blank P not working,display of P gone blank P not working,Water purifier display is blank and it's not functioning properly.
emi conversion not done for P,emi conversion not done for P,EMI conversion for my water purifier isn't done yet.
emi conversion not done for P,emi conversion not done for P,They haven't converted my water purifier to an EMI plan.
emi conversion not done for P,emi conversion not done for P,My water purifier EMI conversion hasn't been processed.
emi conversion not done for P,emi conversion not done for P,They need to do the EMI conversion for my water purifier.
emi conversion not done for P,emi conversion not done for P,They haven't completed the EMI conversion for my water purifier.
emi conversion not done for P,emi conversion not done for P,They still need to do the EMI conversion for my water purifier.
emi conversion not done for P,emi conversion not done for P,My water purifier EMI conversion is still pending.
emi conversion not done for P,emi conversion not done for P,They haven't done the EMI conversion for my water purifier.
emi conversion not done for P,emi conversion not done for P,They need to finish the EMI conversion for my water purifier.
emi conversion not done for P,emi conversion not done for P,They haven't completed the EMI conversion on my water purifier.
extend warranty for P,extend warranty for P,"Extend warranty on water purifier, please."
extend warranty for P,extend warranty for P,Can you extend the warranty on my water purifier?
extend warranty for P,extend warranty for P,I need to extend the warranty on my water purifier.
extend warranty for P,extend warranty for P,Please extend the warranty for my water purifier.
extend warranty for P,extend warranty for P,Can you help me extend the warranty on my water purifier?
extend warranty for P,extend warranty for P,"I'd like to extend the warranty on my water purifier, if possible."
extend warranty for P,extend warranty for P,Could you extend the warranty on my water purifier?
extend warranty for P,extend warranty for P,"I need to extend the warranty on my water purifier, is that possible?"
extend warranty for P,extend warranty for P,"Extend warranty for my water purifier, please."
extend warranty for P,extend warranty for P,Can you extend the warranty on my water purifier device?
filter change reminder for P,filter change reminder for P,Remind me when to change the filter on my water purifier.
filter change reminder for P,filter change reminder for P,Can you send a reminder when to change the filter on my water purifier?
filter change reminder for P,filter change reminder for P,"I need a reminder when to change the filter on my water purifier, please."
filter change reminder for P,filter change reminder for P,Could you send a notification when the filter on my water purifier needs changing?
filter change reminder for P,filter change reminder for P,When will I need to change the filter on my water purifier? Can you remind me?
filter change reminder for P,filter change reminder for P,I need assistance with a reminder for changing the filter on my water purifier.
filter change reminder for P,filter change reminder for P,Could you please remind me when to change the filter on my water purifier?
filter change reminder for P,filter change reminder for P,I need a notification when the filter on my water purifier needs changing.
filter change reminder for P,filter change reminder for P,"Reminder when to change the filter on my water purifier, please."
filter change reminder for P,filter change reminder for P,When is the filter on my water purifier due for replacement? Can you remind me?
gst invoice wrong name for P,gst invoice wrong name for P,GST invoice has wrong name for water purifier
gst invoice wrong name for P,gst invoice wrong name for P,Wrong name on the GST invoice for water purifier
gst invoice wrong name for P,gst invoice wrong name for P,The water purifier invoice shows a different name
gst invoice wrong name for P,gst invoice wrong name for P,My water purifier invoice has the wrong name
gst invoice wrong name for P,gst invoice wrong name for P,The GST invoice for my water purifier is incorrect
gst invoice wrong name for P,gst invoice wrong name for P,There's a mistake in the name on the water purifier's GST invoice
gst invoice wrong name for P,gst invoice wrong name for P,The wrong name is shown on the water purifier's GST invoice
gst invoice wrong name for P,gst invoice wrong name for P,The invoice for my water purifier has the wrong name
gst invoice wrong name for P,gst invoice wrong name for P,The water purifier's GST invoice has the incorrect name
gst invoice wrong name for P,gst invoice wrong name for P,There's an error with the name on the water purifier's GST invoice
how to clean P,how to clean P,How do I clean my water purifier?
how to clean P,how to clean P,Can you tell me how to clean the water purifier?
how to clean P,how to clean P,What's the best way to clean my water purifier?
how to clean P,how to clean P,How can I keep my water purifier clean?
how to clean P,how to clean P,Can you explain how to clean the inside of my water purifier?
how to clean P,how to clean P,How do I clean the filter in my water purifier?
how to clean P,how to clean P,What's the right way to clean my water purifying system?
how to clean P,how to clean P,Can you show me how to clean the water purifier?
how to clean P,how to clean P,How do I clean the water filtration system in my home?
how to clean P,how to clean P,Can you give me instructions on how to clean my water purifier?
installation slot for P not confirmed,installation slot for P not confirmed,Not sure about the installation slot for the water purifier.
installation slot for P not confirmed,installation slot for P not confirmed,Can you confirm the installation slot for my water purifier?
installation slot for P not confirmed,installation slot for P not confirmed,I need to know where to install my water purifier.
installation slot for P not confirmed,installation slot for P not confirmed,Could you please confirm the installation slot for my new water purifier?
installation slot for P not confirmed,installation slot for P not confirmed,I'm not sure about the installation slot for my water purifier.
installation slot for P not confirmed,installation slot for P not confirmed,Can you confirm the exact installation slot for my water purifier?
installation slot for P not confirmed,installation slot for P not confirmed,I need to know the installation slot for my water purifier.
installation slot for P not confirmed,installation slot for P not confirmed,Could you please confirm the installation slot for my water purifier?
installation slot for P not confirmed,installation slot for P not confirmed,I need to know where to place my water purifier.
installation slot for P not confirmed,installation slot for P not confirmed,"Can you confirm the installation slot for my water purifier, please?"
installer did not turn up for P,installer did not turn up for P,The water purifier installer didn't show up.
installer did not turn up for P,installer did not turn up for P,The person supposed to install my water purifier didn't come.
installer did not turn up for P,installer did not turn up for P,My water purifier installer didn't turn up.
installer did not turn up for P,installer did not turn up for P,The water purifier installer failed to show up.
installer did not turn up for P,installer did not turn up for P,The water purifier installer didn't come as scheduled.
installer did not turn up for P,installer did not turn up for P,My water purifier installer didn't arrive.
installer did not turn up for P,installer did not turn up for P,The water purifier installer failed to come.
installer did not turn up for P,installer did not turn up for P,My water purifier installer didn't show up on time.
installer did not turn up for P,installer did not turn up for P,The water purifier installer didn't come to install.
installer did not turn up for P,installer did not turn up for P,My water purifier installer failed to arrive.
invoice not received for P,invoice not received for P,Invoice for the water purifier hasn't arrived.
invoice not received for P,invoice not received for P,I haven't received the invoice for my water purifier.
invoice not received for P,invoice not received for P,Could I please have the invoice for the water purifier I recently bought?
invoice not received for P,invoice not received for P,I need to check if I received the invoice for my water purifier.
invoice not received for P,invoice not received for P,I can't find the invoice for my water purifier purchase.
invoice not received for P,invoice not received for P,Could you please send the invoice for the water purifier I ordered?
invoice not received for P,invoice not received for P,I'm looking for the invoice related to my water purifier.
invoice not received for P,invoice not received for P,I haven't received the water purifier invoice yet.
invoice not received for P,invoice not received for P,Where is the invoice for the water purifier I ordered?
invoice not received for P,invoice not received for P,I can't locate the invoice for the water purifier I purchased.
is P covered under shield plan,is P covered under shield plan,Is the water purifier included in the shield plan?
is P covered under shield plan,is P covered under shield plan,Does the water purifier come under the shield protection?
is P covered under shield plan,is P covered under shield plan,Is my water purifier protected under the shield plan?
is P covered under shield plan,is P covered under shield plan,Can you tell me if the water purifier is covered by the shield?
is P covered under shield plan,is P covered under shield plan,Is the water purifier part of the shield coverage?
is P covered under shield plan,is P covered under shield plan,"Under the shield plan, does the water purifier get covered?"
is P covered under shield plan,is P covered under shield plan,Is the water purifier included in the shield protection system?
is P covered under shield plan,is P covered under shield plan,Can you confirm if the water purifier is covered by the shield plan?
is P covered under shield plan,is P covered under shield plan,"Under the shield, is the water purifier included?"
is P covered under shield plan,is P covered under shield plan,Is the water purifier covered by the shield as per the plan?
is P safe for kids,is P safe for kids,Is the water purifier safe for children?
is P safe for kids,is P safe for kids,Safe for kids to use the water purifier right?
is P safe for kids,is P safe for kids,Does the water purifier pose any danger to kids?
is P safe for kids,is P safe for kids,Is the water purifier safe for my kids to use?
is P safe for kids,is P safe for kids,Safe for kids to use this water purifier?
is P safe for kids,is P safe for kids,Is the water purifier safe for children to use?
is P safe for kids,is P safe for kids,Safe for kids to use the water purifier?
is P safe for kids,is P safe for kids,Is the water purifier safe for my children to use?
is P safe for kids,is P safe for kids,Safe for kids to use this water filter?
issue with P P not working,issue with P P not working,Water purifier isn't working
issue with P P not working,issue with P P not working,My water purifier isn't functioning
issue with P P not working,issue with P P not working,The water purifier isn't working properly
issue with P P not working,issue with P P not working,My water purifier is not working
issue with P P not working,issue with P P not working,The water filter isn't working
issue with P P not working,issue with P P not working,My water filter isn't working
issue with P P not working,issue with P P not working,My water purifier isn't functioning properly
issue with P P not working,issue with P P not working,The water purifier isn't working for me
issue with P P not working,issue with P P not working,My water filter isn't working properly
motor of P burnt smell,motor of P burnt smell,The motor in my water purifier is burnt and it smells bad.
motor of P burnt smell,motor of P burnt smell,My water purifier has a burnt motor and it's giving off a nasty smell.
motor of P burnt smell,motor of P burnt smell,The motor in my water purifier is damaged and it smells terrible.
motor of P burnt smell,motor of P burnt smell,There's a burnt motor in my water purifier and it has a very bad smell.
motor of P burnt smell,motor of P burnt smell,My water purifier's motor is burnt and it's emitting a foul odor.
motor of P burnt smell,motor of P burnt smell,The motor in my water purifier is fried and it smells awful.
motor of P burnt smell,motor of P burnt smell,My water purifier's motor is burnt out and it has a strong smell.
motor of P burnt smell,motor of P burnt smell,The water purifier's motor is burnt and it's very pungent.
motor of P burnt smell,motor of P burnt smell,My water purifier's motor is fried and it smells really bad.
motor of P burnt smell,motor of P burnt smell,The motor in my water purifier is burnt and it has a very strong smell.
motor of P burnt smell P not working,motor of P burnt smell P not working,"Motor of water purifier burnt, smell coming out, water purifier not working."
motor of P burnt smell P not working,motor of P burnt smell P not working,"Water purifier motor burnt, it smells bad and doesn't work."
motor of P burnt smell P not working,motor of P burnt smell P not working,"Water purifier motor burnt, smell in air, purifier not working."
motor of P burnt smell P not working,motor of P burnt smell P not working,"Purifier water motor burnt, smell everywhere, purifier not working."
motor of P burnt smell P not working,motor of P burnt smell P not working,"Motor in water purifier burnt, smell and no water, purifier not working."
motor of P burnt smell P not working,motor of P burnt smell P not working,"Purifier water motor burnt, bad smell, purifier not working."
motor of P burnt smell P not working,motor of P burnt smell P not working,"Motor burnt in water purifier, smell and no water, purifier not working."
motor of P burnt smell P not working,motor of P burnt smell P not working,"Purifier water motor burnt, smell and not working, need help."
motor of P burnt smell P not working,motor of P burnt smell P not working,"Motor of water purifier burnt, smell and purifier doesn't work."
motor of P burnt smell P not working,motor of P burnt smell P not working,"Purifier water motor burnt, smell and not working, need assistance."
need corrected bill for P,need corrected bill for P,Need my water purifier bill corrected please.
need corrected bill for P,need corrected bill for P,"My water purifier bill is wrong, can you fix it?"
need corrected bill for P,need corrected bill for P,I need help with a corrected bill for my water purifier.
need corrected bill for P,need corrected bill for P,Can you please correct the water purifier bill for me?
need corrected bill for P,need corrected bill for P,"My water purifier bill is incorrect, need it corrected."
need corrected bill for P,need corrected bill for P,I need assistance with a corrected water purifier bill.
need corrected bill for P,need corrected bill for P,"My water purifier bill is not right, can you correct it?"
need corrected bill for P,need corrected bill for P,I need a corrected water purifier bill sent to me.
need corrected bill for P,need corrected bill for P,"My water purifier bill is incorrect, can you make it right?"
need corrected bill for P,need corrected bill for P,I need a corrected water purifier bill as my bill is incorrect.
need installation for my new P,need installation for my new P,Need someone to install my new water purifier.
need installation for my new P,need installation for my new P,Can you help with installing my water purifier?
need installation for my new P,need installation for my new P,I need assistance with the installation of my new water purifier.
need installation for my new P,need installation for my new P,Please install my water purifier for me.
need installation for my new P,need installation for my new P,Could you please do the installation of my new water purifier?
need installation for my new P,need installation for my new P,I need help setting up my new water purifier.
need installation for my new P,need installation for my new P,Can you assist with the installation of my water purifier?
need installation for my new P,need installation for my new P,I need someone to put my new water purifier together.
need installation for my new P,need installation for my new P,Could you please handle the installation of my water purifier?
need installation for my new P,need installation for my new P,I need help installing my new water purifier system.
need replacement filter for P,need replacement filter for P,Need to replace the water purifier filter.
need replacement filter for P,need replacement filter for P,Filter for my water purifier is gone.
need replacement filter for P,need replacement filter for P,Can you please send me a new water purifier filter?
need replacement filter for P,need replacement filter for P,My water purifier needs a new filter.
need replacement filter for P,need replacement filter for P,I need to replace the filter on my water purifier.
need replacement filter for P,need replacement filter for P,Filter for my water purifier is missing.
need replacement filter for P,need replacement filter for P,Need a replacement filter for my water purifier.
need replacement filter for P,need replacement filter for P,My water purifier filter is broken and needs replacing.
need replacement filter for P,need replacement filter for P,Replacement filter needed for my water purifier.
need replacement filter for P,need replacement filter for P,Filter for my water purifier is broken and needs to be replaced.
need warranty certificate P,need warranty certificate P,Need my warranty certificate for the water purifier.
need warranty certificate P,need warranty certificate P,Can you please send me the warranty certificate for my water purifier?
need warranty certificate P,need warranty certificate P,I need a copy of the warranty certificate for my water purifier.
need warranty certificate P,need warranty certificate P,Could you please provide me with the warranty certificate for the water purifier?
need warranty certificate P,need warranty certificate P,"I require the warranty certificate for my water purifier, please."
need warranty certificate P,need warranty certificate P,Can you give me the warranty certificate for the water purifier?
need warranty certificate P,need warranty certificate P,I need a copy of the water purifier's warranty certificate.
need warranty certificate P,need warranty certificate P,Could you please send me the warranty certificate for my water purifier?
need warranty certificate P,need warranty certificate P,I need a copy of the warranty certificate for the water purifier.
need warranty certificate P,need warranty certificate P,Please provide me with the water purifier's warranty certificate.
not happy with P P not working,not happy with P P not working,"Not happy with my water purifier, it's not working."
not happy with P P not working,not happy with P P not working,My water purifier isn't functioning properly.
not happy with P P not working,not happy with P P not working,I'm upset because my water purifier isn't working.
not happy with P P not working,not happy with P P not working,The water purifier I bought isn't working as expected.
not happy with P P not working,not happy with P P not working,"My water purifier isn't working, it's broken."
not happy with P P not working,not happy with P P not working,I'm unhappy because my water purifier isn't functioning.
not happy with P P not working,not happy with P P not working,"My water purifier isn't working, it's not working."
not happy with P P not working,not happy with P P not working,"I'm not satisfied with my water purifier, it's not working."
not happy with P P not working,not happy with P P not working,My water purifier isn't working and it's frustrating.
not happy with P P not working,not happy with P P not working,I'm unhappy that my water purifier isn't working.
order candle and membrane for P,order candle and membrane for P,Order a candle and a membrane for my water purifier.
order candle and membrane for P,order candle and membrane for P,I need a candle and a membrane for my water purifier.
order candle and membrane for P,order candle and membrane for P,Can you please send over a candle and a membrane for my water purifier?
order candle and membrane for P,order candle and membrane for P,"I want to order a candle and a membrane for my water purifier, please."
order candle and membrane for P,order candle and membrane for P,"A candle and a membrane for my water purifier, could I please have those sent?"
order candle and membrane for P,order candle and membrane for P,"I need to order a candle and a membrane for my water purifier, can you help?"
order candle and membrane for P,order candle and membrane for P,"A candle and a membrane for my water purifier, please send those."
order candle and membrane for P,order candle and membrane for P,I need to order a membrane and a candle for my water purifier.
order candle and membrane for P,order candle and membrane for P,"A membrane and a candle for my water purifier, please send those."
order candle and membrane for P,order candle and membrane for P,"I need to order a candle and a membrane for my water purifier, please send them."
payment deducted but not placed,payment deducted but not placed,Payment deducted but not credited to my account.
payment deducted but not placed,payment deducted but not placed,My payment was taken but it didn't show up in my account.
payment deducted but not placed,payment deducted but not placed,The money was taken from my account but it didn't show up.
payment deducted but not placed,payment deducted but not placed,Payment went through but it didn't reflect on my account.
payment deducted but not placed,payment deducted but not placed,My payment was processed but it didn't appear on my account.
payment deducted but not placed,payment deducted but not placed,The payment was deducted but it didn't show up in my account balance.
payment deducted but not placed,payment deducted but not placed,My payment was deducted but it didn't reflect on my account.
payment deducted but not placed,payment deducted but not placed,The payment was taken but it didn't show up on my account.
payment deducted but not placed,payment deducted but not placed,Payment was deducted but it didn't appear on my account.
payment deducted but not placed,payment deducted but not placed,My payment was deducted but it didn't show up.
please book demo and installation for P,please book demo and installation for P,Please book a demo and installation for the water purifier.
please book demo and installation for P,please book demo and installation for P,Can you book a demo and installation for my water purifier?
please book demo and installation for P,please book demo and installation for P,"I need a demo and installation booked for my water purifier, please."
please book demo and installation for P,please book demo and installation for P,Could you please book a demo and installation for the water purifier?
please book demo and installation for P,please book demo and installation for P,"I'd like to request a demo and installation for my water purifier, thanks."
please book demo and installation for P,please book demo and installation for P,Please could you book a demo and installation for my water purifier?
please book demo and installation for P,please book demo and installation for P,"I need a demo and installation for my water purifier, can you help with that?"
please book demo and installation for P,please book demo and installation for P,Could you please arrange a demo and installation for my water purifier?
please book demo and installation for P,please book demo and installation for P,"I need a demo and installation for the water purifier, can you assist with that?"
please book demo and installation for P,please book demo and installation for P,"Please could you book a demo and installation for my water purifier, please?"
power consumption of P,power consumption of P,What is the power consumption of the water purifier?
power consumption of P,power consumption of P,How much power does the water purifier use?
power consumption of P,power consumption of P,Can you tell me the power consumption of the water purifying machine?
power consumption of P,power consumption of P,What kind of electricity does the water purifier need?
power consumption of P,power consumption of P,How much electricity does the water purifier consume?
power consumption of P,power consumption of P,Could you provide the power usage details for the water purifier?
power consumption of P,power consumption of P,What is the electrical power usage of the water purifier?
power consumption of P,power consumption of P,How much electricity does the water purification system consume?
power consumption of P,power consumption of P,What is the power usage of the water purifier?
power consumption of P,power consumption of P,Could you give me the power consumption details for the water purifier?
"received used P, want exchange","received used P, want exchange","Received a used water purifier, need to exchange it."
"received used P, want exchange","received used P, want exchange","My water purifier is used, can I get a new one?"
"received used P, want exchange","received used P, want exchange","Just received a used water purifier, need to exchange."
"received used P, want exchange","received used P, want exchange","I got a used water purifier, can I get a replacement?"
"received used P, want exchange","received used P, want exchange","Water purifier is used, need to exchange, please."
"received used P, want exchange","received used P, want exchange","Water purifier is used, need a replacement, please."
"received used P, want exchange","received used P, want exchange","Got a used water purifier, need to exchange."
"received used P, want exchange","received used P, want exchange","Water purifier is used, need to exchange for a new one."
"received used P, want exchange","received used P, want exchange","Received a used water purifier, need to exchange this one."
recipe booklet for P,recipe booklet for P,How do I get a recipe booklet for my water purifier?
recipe booklet for P,recipe booklet for P,Can you send me a recipe booklet for my water purifier?
recipe booklet for P,recipe booklet for P,"I need a recipe booklet for my water purifier, where can I find one?"
recipe booklet for P,recipe booklet for P,Could you please provide a recipe booklet for my water purifier?
recipe booklet for P,recipe booklet for P,I'm looking for a recipe booklet that comes with my water purifier.
recipe booklet for P,recipe booklet for P,Can you send me a booklet with recipes for my water purifier?
recipe booklet for P,recipe booklet for P,"I need a booklet with recipes for my water purifier, is there one included?"
recipe booklet for P,recipe booklet for P,Where can I find a recipe booklet for my water purifier?
recipe booklet for P,recipe booklet for P,"I need a recipe booklet that comes with my water purifier, where is it?"
recipe booklet for P,recipe booklet for P,Can you send me a recipe booklet that comes with my water purifier?
refund not credited for cancelled P,refund not credited for cancelled P,The refund for the cancelled water purifier is not showing up on my account.
refund not credited for cancelled P,refund not credited for cancelled P,I requested a refund for the cancelled water purifier but it hasn't been credited.
refund not credited for cancelled P,refund not credited for cancelled P,My cancelled water purifier order is still showing as unpaid.
refund not credited for cancelled P,refund not credited for cancelled P,I need a refund for the cancelled water purifier but it hasn't been processed.
refund not credited for cancelled P,refund not credited for cancelled P,The refund for my cancelled water purifier is still missing from my account.
refund not credited for cancelled P,refund not credited for cancelled P,I requested a refund for the cancelled water purifier but it hasn't been credited yet.
refund not credited for cancelled P,refund not credited for cancelled P,My cancelled water purifier refund is still pending.
refund not credited for cancelled P,refund not credited for cancelled P,I need a refund for the cancelled water purifier but it hasn't been applied to my account.
refund not credited for cancelled P,refund not credited for cancelled P,The refund for my cancelled water purifier is still not showing up.
refund not credited for cancelled P,refund not credited for cancelled P,I requested a refund for the cancelled water purifier but it hasn't been credited to my account.
return pickup for P not done,return pickup for P not done,Return pickup for my water purifier hasn't been done yet.
return pickup for P not done,return pickup for P not done,They still haven't picked up my water purifier for return.
return pickup for P not done,return pickup for P not done,I haven't gotten my water purifier back for return yet.
return pickup for P not done,return pickup for P not done,They haven't done the return pickup for my water purifier.
return pickup for P not done,return pickup for P not done,My water purifier return pickup hasn't been completed.
return pickup for P not done,return pickup for P not done,They haven't completed the return pickup for my water purifier.
return pickup for P not done,return pickup for P not done,I need my water purifier return pickup to be done.
return pickup for P not done,return pickup for P not done,They haven't done the return for my water purifier yet.
return pickup for P not done,return pickup for P not done,My water purifier return hasn't been picked up.
return pickup for P not done,return pickup for P not done,They haven't finished the return pickup for my water purifier.
shield plan renewal for P,shield plan renewal for P,Can I please renew my water purifier shield plan?
shield plan renewal for P,shield plan renewal for P,I need to renew my shield plan for the water purifier.
shield plan renewal for P,shield plan renewal for P,How do I renew my water purifier shield plan?
shield plan renewal for P,shield plan renewal for P,Can you help me renew my shield plan for the water purifier?
shield plan renewal for P,shield plan renewal for P,"I need to renew the shield plan on my water purifier, can you assist?"
shield plan renewal for P,shield plan renewal for P,Please renew my water purifier shield plan for me.
shield plan renewal for P,shield plan renewal for P,"I need to renew the shield plan of my water purifier, is it possible?"
shield plan renewal for P,shield plan renewal for P,Can you help me with renewing the shield plan for my water purifier?
shield plan renewal for P,shield plan renewal for P,"I need to renew my water purifier's shield plan, can you assist?"
shield plan renewal for P,shield plan renewal for P,Please renew my water purifier's shield plan for me.
spare blade set for P available?,spare blade set for P available?,Can you get me a spare blade set for my water purifier?
spare blade set for P available?,spare blade set for P available?,Is there a spare blade set available for my water purifier?
spare blade set for P available?,spare blade set for P available?,Where can I find a spare blade set for my water purifier?
spare blade set for P available?,spare blade set for P available?,Could you please provide a spare blade set for my water purifier?
spare blade set for P available?,spare blade set for P available?,Is there a replacement blade set available for my water purifier?
spare blade set for P available?,spare blade set for P available?,Can you send me a spare blade set for my water purifier?
spare blade set for P available?,spare blade set for P available?,Where do I buy a spare blade set for my water purifier?
spare blade set for P available?,spare blade set for P available?,Is there a spare blade set available for my water filtration system?
spare blade set for P available?,spare blade set for P available?,Can you get me a replacement blade set for my water purifier?
spare blade set for P available?,spare blade set for P available?,Where can I find a spare blade set for my water filtration device?
wall mounting for P pending,wall mounting for P pending,Pending wall mounting for water purifier.
wall mounting for P pending,wall mounting for P pending,Water purifier wall mounting still pending.
wall mounting for P pending,wall mounting for P pending,My water purifier wall mounting is still pending.
wall mounting for P pending,wall mounting for P pending,Water filter wall mounting still pending.
wall mounting for P pending,wall mounting for P pending,Waiting on wall mounting for my water purifier.
wall mounting for P pending,wall mounting for P pending,Still waiting for the water purifier wall mounting.
wall mounting for P pending,wall mounting for P pending,My water purifier wall mounting is pending.
wall mounting for P pending,wall mounting for P pending,Water purifier wall mounting request still outstanding.
wall mounting for P pending,wall mounting for P pending,Water purifier wall mounting is still in pending status.
want amc filter kit for P,want amc filter kit for P,want an AMC filter kit for my water purifier
want amc filter kit for P,want amc filter kit for P,need an AMC filter kit for my water purifier
want amc filter kit for P,want amc filter kit for P,please send me an AMC filter kit for my water purifier
want amc filter kit for P,want amc filter kit for P,can you send me an AMC filter kit for my water purifier?
want amc filter kit for P,want amc filter kit for P,i need an AMC filter kit for my water purifier
want amc filter kit for P,want amc filter kit for P,please could you send me an AMC filter kit for my water purifier?
want amc filter kit for P,want amc filter kit for P,i want an AMC filter kit for my water purifier
want amc filter kit for P,want amc filter kit for P,can you please send me an AMC filter kit for my water purifier?
want amc filter kit for P,want amc filter kit for P,please could you send me an AMC filter kit for my water purifier device
want amc filter kit for P,want amc filter kit for P,i need an AMC filter kit for my water purifier device
want to reschedule installation of P,want to reschedule installation of P,I need to reschedule the water purifier installation.
want to reschedule installation of P,want to reschedule installation of P,Can we change the date for the water purifier setup?
want to reschedule installation of P,want to reschedule installation of P,I'd like to move the water purifier installation to a different day.
want to reschedule installation of P,want to reschedule installation of P,Could we please change the date for the water purifier?
want to reschedule installation of P,want to reschedule installation of P,I need to change the installation date for the water purifier.
want to reschedule installation of P,want to reschedule installation of P,Can we reschedule the water purifier installation?
want to reschedule installation of P,want to reschedule installation of P,I need to change the date for the water purifier setup.
want to reschedule installation of P,want to reschedule installation of P,Can we move the water purifier installation to a later date?
want to reschedule installation of P,want to reschedule installation of P,I need to change the installation date for the water purifier system.
want to reschedule installation of P,want to reschedule installation of P,Can we reschedule the water purifier system installation?
want to return the P,want to return the P,Want to return my water purifier.
want to return the P,want to return the P,I want to send back my water purifier.
want to return the P,want to return the P,Can I return this water purifier?
want to return the P,want to return the P,I need to return my water filter machine.
want to return the P,want to return the P,I want to exchange my water purifier.
want to return the P,want to return the P,I need to return the water filter unit.
want to return the P,want to return the P,Can I get a refund for my water purifier?
want to return the P,want to return the P,I want to return this water purification device.
want to return the P,want to return the P,I need to return my water filter.
want to return the P,want to return the P,"Can I get a refund for my water purifier, please?"
warranty card for P not registered,warranty card for P not registered,Need to register my water purifier warranty card
warranty card for P not registered,warranty card for P not registered,Can't register my water purifier warranty card
warranty card for P not registered,warranty card for P not registered,My water purifier warranty card isn't registered
warranty card for P not registered,warranty card for P not registered,I need to register my water purifier warranty card
warranty card for P not registered,warranty card for P not registered,My water purifier warranty card is not registered
warranty card for P not registered,warranty card for P not registered,I can't register my water purifier warranty card
warranty card for P not registered,warranty card for P not registered,My water purifier warranty card isn't registered yet
warranty card for P not registered,warranty card for P not registered,I need to register my water purifier warranty card please
warranty card for P not registered,warranty card for P not registered,"My water purifier warranty card isn't registered, need to"
warranty card for P not registered,warranty card for P not registered,"I need to register my water purifier warranty card, it's not registered yet"
warranty claim for P bought 9 months ago,warranty claim for P bought # months ago,Claiming my warranty for the water purifier I bought 9 months ago.
warranty claim for P bought 9 months ago,warranty claim for P bought # months ago,I need to claim my warranty on the water purifier I purchased last September.
warranty claim for P bought 9 months ago,warranty claim for P bought # months ago,Please process my warranty claim for the water purifier bought nine months ago.
warranty claim for P bought 9 months ago,warranty claim for P bought # months ago,I'm requesting a warranty claim for the water purifier I bought in September.
warranty claim for P bought 9 months ago,warranty claim for P bought # months ago,Can you process my warranty claim for the water purifier I purchased nine months ago?
warranty claim for P bought 9 months ago,warranty claim for P bought # months ago,I need to file a warranty claim for the water purifier bought last September.
warranty claim for P bought 9 months ago,warranty claim for P bought # months ago,I'm requesting a warranty claim for the water purifier I bought nine months ago.
warranty claim for P bought 9 months ago,warranty claim for P bought # months ago,Please help me with my warranty claim for the water purifier purchased last September.
warranty claim for P bought 9 months ago,warranty claim for P bought # months ago,I need to file a warranty claim for the water purifier bought nine months ago.
warranty claim for P bought 9 months ago,warranty claim for P bought # months ago,I'm requesting a warranty claim for the water purifier purchased last September.
"warranty rejected for P, why","warranty rejected for P, why","The warranty was rejected for my water purifier, why?"
"warranty rejected for P, why","warranty rejected for P, why","My water purifier's warranty was denied, can you explain why?"
"warranty rejected for P, why","warranty rejected for P, why","The water purifier warranty was rejected, what's the reason?"
"warranty rejected for P, why","warranty rejected for P, why",Why was my water purifier warranty rejected?
"warranty rejected for P, why","warranty rejected for P, why","My water purifier warranty was denied, what happened?"
"warranty rejected for P, why","warranty rejected for P, why",The reason for rejecting my water purifier warranty is unclear.
"warranty rejected for P, why","warranty rejected for P, why","My water purifier warranty was refused, could you clarify?"
"warranty rejected for P, why","warranty rejected for P, why",The reason for rejecting the warranty on my water purifier is not clear.
"warranty rejected for P, why","warranty rejected for P, why","My water purifier warranty was denied, please explain the rejection."
"warranty rejected for P, why","warranty rejected for P, why","My water purifier warranty was rejected, can you provide the reason?"
when will the technician come to install the P,when will the technician come to install the P,When will the technician come to install the water purifier?
when will the technician come to install the P,when will the technician come to install the P,When can the technician come to install the water purifier?
when will the technician come to install the P,when will the technician come to install the P,Can you tell me when the technician will come to install the water purifier?
when will the technician come to install the P,when will the technician come to install the P,When will the technician arrive to install the water purifier?
when will the technician come to install the P,when will the technician come to install the P,When will the technician be here to install the water purifier?
when will the technician come to install the P,when will the technician come to install the P,Can you please tell me when the technician will come to install the water purifier?
when will the technician come to install the P,when will the technician come to install the P,When will the technician come to set up the water purifier?
when will the technician come to install the P,when will the technician come to install the P,When will the technician come to install the water purification system?
when will the technician come to install the P,when will the technician come to install the P,When will the technician come to put in the water purifier?
when will the technician come to install the P,when will the technician come to install the P,When will the technician come to install the water filter system?
where to buy spare jar for P,where to buy spare jar for P,Where can I find a spare part for my water purifier's jar?
where to buy spare jar for P,where to buy spare jar for P,How do I buy a replacement jar for my water purifier?
where to buy spare jar for P,where to buy spare jar for P,Can you tell me where to get a spare jar for my water purifier?
where to buy spare jar for P,where to buy spare jar for P,Where can I purchase a spare jar for my water purifier?
where to buy spare jar for P,where to buy spare jar for P,Is there a store where I can buy a spare jar for my water purifier?
where to buy spare jar for P,where to buy spare jar for P,Where can I find replacement jars for my water purifier?
where to buy spare jar for P,where to buy spare jar for P,How can I buy a spare jar for my water purifier?
where to buy spare jar for P,where to buy spare jar for P,Where can I buy a spare jar for my water purifier's filter?
where to buy spare jar for P,where to buy spare jar for P,Where can I find a spare jar for my water purifier's filter?
where to buy spare jar for P,where to buy spare jar for P,Where can I buy replacement jars for my water purifier?
which P is right for 4 people,which P is right for # people,Which water purifier do I need for 4 people?
which P is right for 4 people,which P is right for # people,"A water purifier for 4 people, please."
which P is right for 4 people,which P is right for # people,A water purifier suitable for 4 people?
which P is right for 4 people,which P is right for # people,A 4 person water purifier recommendation?
which P is right for 4 people,which P is right for # people,Water purifier needed for 4 people?
which P is right for 4 people,which P is right for # people,A 4 person water filter recommendation?
which P is right for 4 people,which P is right for # people,A water purifier for a household of 4?
which P is right for 4 people,which P is right for # people,A water filter suitable for 4 people?
which P is right for 4 people,which P is right for # people,A water purifier needed for a family of 4?
wrong model of P delivered,wrong model of P delivered,Wrong model of water purifier delivered.
wrong model of P delivered,wrong model of P delivered,My water purifier is the wrong model.
wrong model of P delivered,wrong model of P delivered,The water purifier I received is incorrect.
wrong model of P delivered,wrong model of P delivered,I got the wrong model of water purifier.
wrong model of P delivered,wrong model of P delivered,My order came with the wrong water purifier.
wrong model of P delivered,wrong model of P delivered,The water purifier delivered is not the one I ordered.
wrong model of P delivered,wrong model of P delivered,The wrong water purifier was delivered to me.
wrong model of P delivered,wrong model of P delivered,My water purifier is the wrong type.
wrong model of P delivered,wrong model of P delivered,The water purifier I received doesn't match my order.
wrong model of P delivered,wrong model of P delivered,I received the wrong water purifier in my order.
